"User ID","Username","Comment ID","Comment","Comment Time","User Homepage","Avatar URL"
"65262329208","rvan_31","=""17952505649937733""","semoga 6 DPR tersebut masuk jalur masing masing","3/24/2025, 2:41:03 PM","https://www.instagram.com/rvan_31","https://scontent-cgk2-2.cdninstagram.com/v/t51.2885-19/452568262_807878104889393_7878763847416394144_n.jpg?stp=dst-jpg_s150x150_tt6&_nc_ht=scontent-cgk2-2.cdninstagram.com&_nc_cat=105&_nc_oc=Q6cZ2QFPeE9nTL9G7NYtkGSsjVxGtZD0UpCoqTN7l8o3KJjCgQw68jF8bQMekSj1GtNHsRY&_nc_ohc=FO_qJHxDIW4Q7kNvwH3o6w5&_nc_gid=_1aNr8_J8FnWt71V86FIsg&edm=AI-cjbYBAAAA&ccb=7-5&oh=00_AfEpbD60kk3SZ9zYmnDWf_638UtmZoT_9q-LlcUNE3tGsg&oe=681CD94B&_nc_sid=0985b0"
"3222388082","java_anugerah_tour","=""18295989385175337""","@un_detecteddd woy di cctv dilempar dr pagar depan bos makanya banyakin literasi biar paham jgn cm tny masa ga ada cctv itu jawaban buzzer2 gt","3/24/2025, 2:56:47 PM","https://www.instagram.com/java_anugerah_tour","https://scontent-cgk1-2.cdninstagram.com/v/t51.2885-19/471842296_1279887396462467_6949539251684501981_n.jpg?stp=dst-jpg_s150x150_tt6&_nc_ht=scontent-cgk1-2.cdninstagram.com&_nc_cat=111&_nc_oc=Q6cZ2QFPeE9nTL9G7NYtkGSsjVxGtZD0UpCoqTN7l8o3KJjCgQw68jF8bQMekSj1GtNHsRY&_nc_ohc=fOgO7TGmA1YQ7kNvwHk7Qxh&_nc_gid=_1aNr8_J8FnWt71V86FIsg&edm=AI-cjbYBAAAA&ccb=7-5&oh=00_AfEDosUYNflTZOWQd7PzOOj2yOEOx6BxEPdw30zdW1ZvsQ&oe=681CDE03&_nc_sid=0985b0"
"4788564795","ratnadwiambarwati9","=""18025838492414554""","🔥🔥🔥🤣menyala tempo","3/24/2025, 3:09:16 PM","https://www.instagram.com/ratnadwiambarwati9","https://scontent-cgk2-1.cdninstagram.com/v/t51.2885-19/481153962_647380264422832_6081100921896576594_n.jpg?stp=dst-jpg_s150x150_tt6&_nc_ht=scontent-cgk2-1.cdninstagram.com&_nc_cat=104&_nc_oc=Q6cZ2QFPeE9nTL9G7NYtkGSsjVxGtZD0UpCoqTN7l8o3KJjCgQw68jF8bQMekSj1GtNHsRY&_nc_ohc=qhFxTQ5w494Q7kNvwERsQkR&_nc_gid=_1aNr8_J8FnWt71V86FIsg&edm=AI-cjbYBAAAA&ccb=7-5&oh=00_AfEYt-oUQ_foYlIOq7iLhKXFBn6GlQAz1_5-c0ZIiMY7Vw&oe=681CD80B&_nc_sid=0985b0"
"70829964836","callmemamiia","=""18067762351908793""","Di kantor ada CCTV kah min? Coba bagi CCTV-nya biar netizen bagi-bagi tugas.","3/24/2025, 3:10:54 PM","https://www.instagram.com/callmemamiia","https://scontent-cgk2-2.cdninstagram.com/v/t51.2885-19/472332920_1117869023176462_6359268297823037518_n.jpg?stp=dst-jpg_s150x150_tt6&_nc_ht=scontent-cgk2-2.cdninstagram.com&_nc_cat=110&_nc_oc=Q6cZ2QFPeE9nTL9G7NYtkGSsjVxGtZD0UpCoqTN7l8o3KJjCgQw68jF8bQMekSj1GtNHsRY&_nc_ohc=GnAgbtlUOTwQ7kNvwHyAb6P&_nc_gid=_1aNr8_J8FnWt71V86FIsg&edm=AI-cjbYBAAAA&ccb=7-5&oh=00_AfGZcfLOQOfHqIFJuX-5NMoW4-s7-sMkzjd0T8e4Vfb0Pg&oe=681CC3E7&_nc_sid=0985b0"
"2913891507","widyautami21","=""18057841790512299""","Tetap menyala menebarkan kebenaran @tempodotco ..aku padamuuu 🔥","3/24/2025, 3:12:42 PM","https://www.instagram.com/widyautami21","https://scontent-cgk1-2.cdninstagram.com/v/t51.2885-19/475230015_1588641255869675_8761185412692767270_n.jpg?stp=dst-jpg_s150x150_tt6&_nc_ht=scontent-cgk1-2.cdninstagram.com&_nc_cat=111&_nc_oc=Q6cZ2QFPeE9nTL9G7NYtkGSsjVxGtZD0UpCoqTN7l8o3KJjCgQw68jF8bQMekSj1GtNHsRY&_nc_ohc=b5FcDJlLWGkQ7kNvwFf23E3&_nc_gid=_1aNr8_J8FnWt71V86FIsg&edm=AI-cjbYBAAAA&ccb=7-5&oh=00_AfHLqKGF1qhjFN0U40zPDqeqzLX_jGsCDdJawM0zwBRPrA&oe=681CEEBF&_nc_sid=0985b0"
"48993155496","reikoo.ko","=""18023905061660023""","Agus lagi Agus lagi😭😭","3/24/2025, 3:13:09 PM","https://www.instagram.com/reikoo.ko","https://scontent-cgk2-1.cdninstagram.com/v/t51.2885-19/485660141_1260500642466866_6334340516001761786_n.jpg?stp=dst-jpg_s150x150_tt6&_nc_ht=scontent-cgk2-1.cdninstagram.com&_nc_cat=102&_nc_oc=Q6cZ2QFPeE9nTL9G7NYtkGSsjVxGtZD0UpCoqTN7l8o3KJjCgQw68jF8bQMekSj1GtNHsRY&_nc_ohc=4ix9-UhwzrkQ7kNvwEG0Ocj&_nc_gid=_1aNr8_J8FnWt71V86FIsg&edm=AI-cjbYBAAAA&ccb=7-5&oh=00_AfEfjQcJvYWHiJXdO6xhTexynYHUSTrM230gPulxzK19Zw&oe=681CD65E&_nc_sid=0985b0"
"53145510689","tiaraa_jwt","=""18455588206073260""","@tempodotco #kamibersamatempo 🔥🔥","3/24/2025, 3:13:59 PM","https://www.instagram.com/tiaraa_jwt","https://instagram.fdel1-7.fna.fbcdn.net/v/t51.2885-19/464760996_1254146839119862_3605321457742435801_n.png?stp=dst-jpg_e0_s150x150_tt6&cb=8577c754-c2464923&_nc_ht=instagram.fdel1-7.fna.fbcdn.net&_nc_cat=1&_nc_oc=Q6cZ2QHNUV78OLezuOYsQ1I4CJJuKCDWyQxcub5iabUldkYdrFlqz9Nk5EyA3K4I72HMFs0PO-LfdN5Tn22KSVVCdbCB&_nc_ohc=Qsiv1ivZctsQ7kNvwH9nhWb&_nc_gid=I7M_BrS2Ov40P9Bet_0J9g&edm=AJ9x6zYBAAAA&ccb=7-5&ig_cache_key=YW5vbnltb3VzX3Byb2ZpbGVfcGlj.3-ccb7-5-cb8577c754-c2464923&oh=00_AfH8jaHkJ78YNznr0LmvdO2FBjyM9SWaBodTnyOho-5qEA&oe=681CC828&_nc_sid=65462d"
"1968015042","ria_febrianty_hasibuan","=""18057151505473017""","Do’a Qhu tuk host podcast Bocor Alus.. Team Bocor Alus.. smoga Allah SWT melindungi kalian semua dri sgla macam marahbahaya Dunia akhirat..dri kejahatan” yg nampak mau pun tdk.. smoga Allah SWT membalas dngan cara nya Allah trhadap orang” yg kn berbuat jahat trhadap host BocorAlus bsrta team bocoralus.. Aamiin Yaa Robbal Allamiin..","3/24/2025, 3:30:15 PM","https://www.instagram.com/ria_febrianty_hasibuan","https://scontent-cgk1-2.cdninstagram.com/v/t51.2885-19/24177702_1715283268542551_2439058665508962304_n.jpg?stp=dst-jpg_s150x150_tt6&_nc_ht=scontent-cgk1-2.cdninstagram.com&_nc_cat=111&_nc_oc=Q6cZ2QFPeE9nTL9G7NYtkGSsjVxGtZD0UpCoqTN7l8o3KJjCgQw68jF8bQMekSj1GtNHsRY&_nc_ohc=2927y034EEcQ7kNvwH-mvTS&_nc_gid=_1aNr8_J8FnWt71V86FIsg&edm=AI-cjbYBAAAA&ccb=7-5&oh=00_AfHtVRc6-7FU-xuK6YZVm0tFz5u3AIitHDN4OEJ-YocXcg&oe=681CD0C2&_nc_sid=0985b0"
"3659461378","rdsresdinar","=""18043784225111864""","@ahmadnurfauji.id wkwk 😂","3/24/2025, 4:46:36 PM","https://www.instagram.com/rdsresdinar","https://scontent-cgk2-1.cdninstagram.com/v/t51.2885-19/436208164_409118728598079_6129920467724520119_n.jpg?stp=dst-jpg_s150x150_tt6&_nc_ht=scontent-cgk2-1.cdninstagram.com&_nc_cat=103&_nc_oc=Q6cZ2QFPeE9nTL9G7NYtkGSsjVxGtZD0UpCoqTN7l8o3KJjCgQw68jF8bQMekSj1GtNHsRY&_nc_ohc=Yn7XGbNHGsQQ7kNvwFif3Lf&_nc_gid=_1aNr8_J8FnWt71V86FIsg&edm=AI-cjbYBAAAA&ccb=7-5&oh=00_AfEdGjZ53zrGSWJETF71zJoKbRbwdICStkefFxcFd1N9Rg&oe=681CF8EE&_nc_sid=0985b0"
"3659461378","rdsresdinar","=""18038081018440321""","Telah di temukan 6 mayat tanpa kepala yg di duga mayat anggota Dpr","3/24/2025, 4:48:17 PM","https://www.instagram.com/rdsresdinar","https://scontent-cgk2-1.cdninstagram.com/v/t51.2885-19/436208164_409118728598079_6129920467724520119_n.jpg?stp=dst-jpg_s150x150_tt6&_nc_ht=scontent-cgk2-1.cdninstagram.com&_nc_cat=103&_nc_oc=Q6cZ2QFPeE9nTL9G7NYtkGSsjVxGtZD0UpCoqTN7l8o3KJjCgQw68jF8bQMekSj1GtNHsRY&_nc_ohc=Yn7XGbNHGsQQ7kNvwFif3Lf&_nc_gid=_1aNr8_J8FnWt71V86FIsg&edm=AI-cjbYBAAAA&ccb=7-5&oh=00_AfEdGjZ53zrGSWJETF71zJoKbRbwdICStkefFxcFd1N9Rg&oe=681CF8EE&_nc_sid=0985b0"
"3307792404","farika.mp4","=""18066651304899264""","@muhammad_hadziiq 🤣🤣🤣","3/24/2025, 4:58:35 PM","https://www.instagram.com/farika.mp4","https://scontent-cgk1-1.cdninstagram.com/v/t51.2885-19/469642702_935204191880685_2195500741833152565_n.jpg?stp=dst-jpg_s150x150_tt6&_nc_ht=scontent-cgk1-1.cdninstagram.com&_nc_cat=109&_nc_oc=Q6cZ2QFPeE9nTL9G7NYtkGSsjVxGtZD0UpCoqTN7l8o3KJjCgQw68jF8bQMekSj1GtNHsRY&_nc_ohc=9pjIlaW4-pMQ7kNvwEsZYTe&_nc_gid=_1aNr8_J8FnWt71V86FIsg&edm=AI-cjbYBAAAA&ccb=7-5&oh=00_AfGaf4Uq9MwisNTHZcw7-VrS0yE0EEsyDkXNT7OMRTAgvw&oe=681CC53F&_nc_sid=0985b0"
"720777908","azkaji","=""18043836374595010""","Negaranya para pejabat 💩🐗","3/24/2025, 5:00:45 PM","https://www.instagram.com/azkaji","https://scontent-cgk2-2.cdninstagram.com/v/t51.2885-19/462317878_2455729508151970_4226750466746986531_n.jpg?stp=dst-jpg_s150x150_tt6&_nc_ht=scontent-cgk2-2.cdninstagram.com&_nc_cat=110&_nc_oc=Q6cZ2QFPeE9nTL9G7NYtkGSsjVxGtZD0UpCoqTN7l8o3KJjCgQw68jF8bQMekSj1GtNHsRY&_nc_ohc=jwstcKxdXfgQ7kNvwHtszsS&_nc_gid=_1aNr8_J8FnWt71V86FIsg&edm=AI-cjbYBAAAA&ccb=7-5&oh=00_AfEC5JALTY-HwxFzdIlZ1wRQjSTqSFC7MTR0cfBwV1qFqQ&oe=681CF547&_nc_sid=0985b0"
"32208985218","cha_momileae","=""17894980029189959""","😢😮","3/24/2025, 5:11:57 PM","https://www.instagram.com/cha_momileae","https://scontent-cgk2-1.cdninstagram.com/v/t51.2885-19/489066633_1385931135666699_6053031476849949035_n.jpg?stp=dst-jpg_s150x150_tt6&_nc_ht=scontent-cgk2-1.cdninstagram.com&_nc_cat=103&_nc_oc=Q6cZ2QFPeE9nTL9G7NYtkGSsjVxGtZD0UpCoqTN7l8o3KJjCgQw68jF8bQMekSj1GtNHsRY&_nc_ohc=bi50wG2CKLkQ7kNvwEVJQip&_nc_gid=_1aNr8_J8FnWt71V86FIsg&edm=AI-cjbYBAAAA&ccb=7-5&oh=00_AfEfKER8BUM9kiCkKqqxV69hjgeqharpyHXMTsfZnd41iA&oe=681CCAA2&_nc_sid=0985b0"
"71142435535","emmaaja88","=""18353321788150717""","#kamibersamatempo✊✊","3/24/2025, 5:20:40 PM","https://www.instagram.com/emmaaja88","https://scontent-cgk1-2.cdninstagram.com/v/t51.2885-19/482348499_656856806842160_3144958671038928610_n.jpg?stp=dst-jpg_s150x150_tt6&_nc_ht=scontent-cgk1-2.cdninstagram.com&_nc_cat=108&_nc_oc=Q6cZ2QFPeE9nTL9G7NYtkGSsjVxGtZD0UpCoqTN7l8o3KJjCgQw68jF8bQMekSj1GtNHsRY&_nc_ohc=BXD13hhVcJoQ7kNvwGxnQDc&_nc_gid=_1aNr8_J8FnWt71V86FIsg&edm=AI-cjbYBAAAA&ccb=7-5&oh=00_AfHvvo-GM4kvrHBVxohcBPLkPcFHt2-7qGGZER3Kxkwggg&oe=681CED24&_nc_sid=0985b0"
"1742596321","muhammad_hadziiq","=""17899116465160027""","@farika.mp4 wkwkkw","3/24/2025, 5:53:41 PM","https://www.instagram.com/muhammad_hadziiq","https://scontent-cgk2-2.cdninstagram.com/v/t51.2885-19/480753091_1298217278133430_3186240958365627078_n.jpg?stp=dst-jpg_s150x150_tt6&_nc_ht=scontent-cgk2-2.cdninstagram.com&_nc_cat=110&_nc_oc=Q6cZ2QFPeE9nTL9G7NYtkGSsjVxGtZD0UpCoqTN7l8o3KJjCgQw68jF8bQMekSj1GtNHsRY&_nc_ohc=WGw9KKRZHQQQ7kNvwEltGu7&_nc_gid=_1aNr8_J8FnWt71V86FIsg&edm=AI-cjbYBAAAA&ccb=7-5&oh=00_AfFc_EwPSqDVAqWEBdWGu1xXMMN4BxB-gFldJBzdHzqHRA&oe=681CD73D&_nc_sid=0985b0"
"3968292941","mahkotawatch.id","=""18063303556811246""","Ingat jam, ingat Mahkota watch","3/24/2025, 6:07:51 PM","https://www.instagram.com/mahkotawatch.id","https://scontent-cgk2-2.cdninstagram.com/v/t51.2885-19/69615944_443936096477326_2924820609147863040_n.jpg?stp=dst-jpg_s150x150_tt6&_nc_ht=scontent-cgk2-2.cdninstagram.com&_nc_cat=110&_nc_oc=Q6cZ2QFPeE9nTL9G7NYtkGSsjVxGtZD0UpCoqTN7l8o3KJjCgQw68jF8bQMekSj1GtNHsRY&_nc_ohc=IaBEREXbeO8Q7kNvwEr-J86&_nc_gid=_1aNr8_J8FnWt71V86FIsg&edm=AI-cjbYBAAAA&ccb=7-5&oh=00_AfEMR6Z9-nTns0KGBCR_R_r7OPbuGVj27omitduqKQYcLg&oe=681CD919&_nc_sid=0985b0"
"1520960330","dontmcc0y","=""17870388504338697""","Banyak tikus dikantor kantor perlu dipenggal juga","3/24/2025, 6:19:38 PM","https://www.instagram.com/dontmcc0y","https://scontent-cgk2-1.cdninstagram.com/v/t51.2885-19/460695516_505728098991304_3837508579465737117_n.jpg?stp=dst-jpg_s150x150_tt6&_nc_ht=scontent-cgk2-1.cdninstagram.com&_nc_cat=104&_nc_oc=Q6cZ2QFPeE9nTL9G7NYtkGSsjVxGtZD0UpCoqTN7l8o3KJjCgQw68jF8bQMekSj1GtNHsRY&_nc_ohc=uLDNOvFqGrEQ7kNvwHJiVmd&_nc_gid=_1aNr8_J8FnWt71V86FIsg&edm=AI-cjbYBAAAA&ccb=7-5&oh=00_AfHbL2naAVxjMSTJVW6OY49zEqqJJfNeUDHPd743uxHd9A&oe=681CDEFE&_nc_sid=0985b0"
"4276841595","3rdi_1","=""18303785830212669""","Tikus hewan dilindungi, g ada yang berani sahkan UU Perampasan Aset Koruptor...","3/24/2025, 7:04:12 PM","https://www.instagram.com/3rdi_1","https://scontent-cgk2-2.cdninstagram.com/v/t51.2885-19/483679678_817820043881369_5050404748136036696_n.jpg?stp=dst-jpg_s150x150_tt6&_nc_ht=scontent-cgk2-2.cdninstagram.com&_nc_cat=105&_nc_oc=Q6cZ2QFPeE9nTL9G7NYtkGSsjVxGtZD0UpCoqTN7l8o3KJjCgQw68jF8bQMekSj1GtNHsRY&_nc_ohc=FXEczT6SG1kQ7kNvwFNSULZ&_nc_gid=_1aNr8_J8FnWt71V86FIsg&edm=AI-cjbYBAAAA&ccb=7-5&oh=00_AfEIMQC05mE-TLhX92oAgHOjoilFswEYAiCpTHRBBsPPOg&oe=681CD107&_nc_sid=0985b0"
"6630887158","a.chrstyy","=""17860890006380796""","tikus ngirimin tikus😂😂","3/24/2025, 7:26:19 PM","https://www.instagram.com/a.chrstyy","https://scontent-cgk1-2.cdninstagram.com/v/t51.2885-19/491460659_18290636032223159_3172085470238008139_n.jpg?stp=dst-jpg_s150x150_tt6&_nc_ht=scontent-cgk1-2.cdninstagram.com&_nc_cat=111&_nc_oc=Q6cZ2QFPeE9nTL9G7NYtkGSsjVxGtZD0UpCoqTN7l8o3KJjCgQw68jF8bQMekSj1GtNHsRY&_nc_ohc=wtO1s1KsrsAQ7kNvwFjoKPb&_nc_gid=_1aNr8_J8FnWt71V86FIsg&edm=AI-cjbYBAAAA&ccb=7-5&oh=00_AfF1V3wKEI580ASemRKLbLRReGkhegSprQG87qWZmwupnA&oe=681CC770&_nc_sid=0985b0"
"49423005177","alz.bmetya","=""18038196629225450""","Orde baru balik nih","3/24/2025, 7:40:27 PM","https://www.instagram.com/alz.bmetya","https://scontent-cgk2-1.cdninstagram.com/v/t51.2885-19/484811474_664110782629058_1628492301001661105_n.jpg?stp=dst-jpg_s150x150_tt6&_nc_ht=scontent-cgk2-1.cdninstagram.com&_nc_cat=102&_nc_oc=Q6cZ2QFPeE9nTL9G7NYtkGSsjVxGtZD0UpCoqTN7l8o3KJjCgQw68jF8bQMekSj1GtNHsRY&_nc_ohc=3M3kYOVOBhgQ7kNvwEezmpF&_nc_gid=_1aNr8_J8FnWt71V86FIsg&edm=AI-cjbYBAAAA&ccb=7-5&oh=00_AfGSj08rl4ONW5kNVmpxLbSTLQEIBNcaSw2CU79RGEgPbw&oe=681CCBDF&_nc_sid=0985b0"
"5398434169","ariefrhman147","=""17900451666152411""","@rahmtdhann_ ujinyo dimasak bae mat","3/24/2025, 7:42:28 PM","https://www.instagram.com/ariefrhman147","https://scontent-cgk1-2.cdninstagram.com/v/t51.2885-19/424851932_3413834815428871_1588137151425662629_n.jpg?stp=dst-jpg_s150x150_tt6&_nc_ht=scontent-cgk1-2.cdninstagram.com&_nc_cat=107&_nc_oc=Q6cZ2QFPeE9nTL9G7NYtkGSsjVxGtZD0UpCoqTN7l8o3KJjCgQw68jF8bQMekSj1GtNHsRY&_nc_ohc=vNJQSpkygX8Q7kNvwFQg--O&_nc_gid=_1aNr8_J8FnWt71V86FIsg&edm=AI-cjbYBAAAA&ccb=7-5&oh=00_AfG4pUaV0TlMbwewcq7Aa4AdG2TLC2l1sgiJEh0T2XDYYw&oe=681CD305&_nc_sid=0985b0"
"71913133364","dvsora_","=""17968397906848272""","@shizume_ parah si bas","3/24/2025, 7:50:09 PM","https://www.instagram.com/dvsora_","https://scontent-cgk2-1.cdninstagram.com/v/t51.2885-19/487549440_1321436532493970_3446534832495205070_n.jpg?stp=dst-jpg_s150x150_tt6&_nc_ht=scontent-cgk2-1.cdninstagram.com&_nc_cat=102&_nc_oc=Q6cZ2QFPeE9nTL9G7NYtkGSsjVxGtZD0UpCoqTN7l8o3KJjCgQw68jF8bQMekSj1GtNHsRY&_nc_ohc=kx-I18xnHisQ7kNvwFF8hU8&_nc_gid=_1aNr8_J8FnWt71V86FIsg&edm=AI-cjbYBAAAA&ccb=7-5&oh=00_AfGsqqqI6f3XGwmJotwNMvS7mY_vRtKfD1ZEfArbeDvCQg&oe=681CE4EA&_nc_sid=0985b0"
"2112069170","diannissss","=""18067301812915259""","@emmamrz dpr berduka😢","3/24/2025, 8:13:25 PM","https://www.instagram.com/diannissss","https://scontent-cgk1-2.cdninstagram.com/v/t51.2885-19/491902510_18479437660069171_6326357896122406296_n.jpg?stp=dst-jpg_s150x150_tt6&_nc_ht=scontent-cgk1-2.cdninstagram.com&_nc_cat=107&_nc_oc=Q6cZ2QFPeE9nTL9G7NYtkGSsjVxGtZD0UpCoqTN7l8o3KJjCgQw68jF8bQMekSj1GtNHsRY&_nc_ohc=UXjxOtycp4sQ7kNvwGpKVZI&_nc_gid=_1aNr8_J8FnWt71V86FIsg&edm=AI-cjbYBAAAA&ccb=7-5&oh=00_AfEUV8UmJD3JrqyM5wFaHe0XXf8JGkoOpjcgJCtG5wUyfQ&oe=681CF2A7&_nc_sid=0985b0"
"65643234989","gajitahunan1.7miliar","=""18203104885306297""","@masyege kasihan banget😢😢 kepala dpr di gituin, mana dimasukin kardus. hatinya dimana😢😢","3/24/2025, 8:47:02 PM","https://www.instagram.com/gajitahunan1.7miliar","https://scontent-cgk1-2.cdninstagram.com/v/t51.2885-19/448169532_441608148727808_7816706605255538954_n.jpg?stp=dst-jpg_s150x150_tt6&_nc_ht=scontent-cgk1-2.cdninstagram.com&_nc_cat=108&_nc_oc=Q6cZ2QFPeE9nTL9G7NYtkGSsjVxGtZD0UpCoqTN7l8o3KJjCgQw68jF8bQMekSj1GtNHsRY&_nc_ohc=Fb_SGg6h_ZMQ7kNvwHHDRoc&_nc_gid=_1aNr8_J8FnWt71V86FIsg&edm=AI-cjbYBAAAA&ccb=7-5&oh=00_AfFW4nbl7UBKZklcJAbmBzuCA0FTeNmcXVGXDm4RUBJPcQ&oe=681CDD57&_nc_sid=0985b0"
"5942793719","rahmtdhann_","=""18169006825331298""","@ariefrhman147 @faiz.alrizqi tag wakelnyo es wkwk","3/24/2025, 9:39:41 PM","https://www.instagram.com/rahmtdhann_","https://scontent-cgk2-2.cdninstagram.com/v/t51.2885-19/464854714_1245952829781197_6600828276603951221_n.jpg?stp=dst-jpg_s150x150_tt6&_nc_ht=scontent-cgk2-2.cdninstagram.com&_nc_cat=105&_nc_oc=Q6cZ2QFPeE9nTL9G7NYtkGSsjVxGtZD0UpCoqTN7l8o3KJjCgQw68jF8bQMekSj1GtNHsRY&_nc_ohc=gMhSXV69rZUQ7kNvwH0DvGS&_nc_gid=_1aNr8_J8FnWt71V86FIsg&edm=AI-cjbYBAAAA&ccb=7-5&oh=00_AfHHNqgDzmXgjZ-cWbfCm5XLu0enXkSEjrm8ssvYuQBlEw&oe=681CEB6D&_nc_sid=0985b0"
"45376729955","delt.good","=""18055615379157692""","Laporkan terus ke media2 internasional biar tau kebobrokan di negeri Konoha dimana semua2 harus bayarrr sementara yg diatas pesta pora menggerogoti keuangan negara","3/24/2025, 10:09:32 PM","https://www.instagram.com/delt.good","https://scontent-cgk2-1.cdninstagram.com/v/t51.2885-19/269710498_446578247108510_4769986605528713655_n.jpg?stp=dst-jpg_s150x150_tt6&_nc_ht=scontent-cgk2-1.cdninstagram.com&_nc_cat=102&_nc_oc=Q6cZ2QFPeE9nTL9G7NYtkGSsjVxGtZD0UpCoqTN7l8o3KJjCgQw68jF8bQMekSj1GtNHsRY&_nc_ohc=9OwV6qB1XyYQ7kNvwHrTXqa&_nc_gid=_1aNr8_J8FnWt71V86FIsg&edm=AI-cjbYBAAAA&ccb=7-5&oh=00_AfHPcE392yXvKf7HlGeSYDTISLF8jbxOn9GKWzO_mM7sUw&oe=681CC946&_nc_sid=0985b0"
"45376729955","delt.good","=""18037808294617772""","@ahmadnurfauji.id kira2 siapa2 aja nama ke 6 tikus2 mati itu ya🤣🤣🤣","3/24/2025, 10:10:29 PM","https://www.instagram.com/delt.good","https://scontent-cgk2-1.cdninstagram.com/v/t51.2885-19/269710498_446578247108510_4769986605528713655_n.jpg?stp=dst-jpg_s150x150_tt6&_nc_ht=scontent-cgk2-1.cdninstagram.com&_nc_cat=102&_nc_oc=Q6cZ2QFPeE9nTL9G7NYtkGSsjVxGtZD0UpCoqTN7l8o3KJjCgQw68jF8bQMekSj1GtNHsRY&_nc_ohc=9OwV6qB1XyYQ7kNvwHrTXqa&_nc_gid=_1aNr8_J8FnWt71V86FIsg&edm=AI-cjbYBAAAA&ccb=7-5&oh=00_AfHPcE392yXvKf7HlGeSYDTISLF8jbxOn9GKWzO_mM7sUw&oe=681CC946&_nc_sid=0985b0"
"62340466653","esyekaer","=""18060094379101531""","STAY REAL @tempodotco 🔥🔥🔥","3/24/2025, 10:59:20 PM","https://www.instagram.com/esyekaer","https://scontent-cgk2-1.cdninstagram.com/v/t51.2885-19/484106823_692599916423056_5748203306722694402_n.jpg?stp=dst-jpg_s150x150_tt6&_nc_ht=scontent-cgk2-1.cdninstagram.com&_nc_cat=104&_nc_oc=Q6cZ2QFPeE9nTL9G7NYtkGSsjVxGtZD0UpCoqTN7l8o3KJjCgQw68jF8bQMekSj1GtNHsRY&_nc_ohc=N-EfmVWd5ToQ7kNvwH2VFQV&_nc_gid=_1aNr8_J8FnWt71V86FIsg&edm=AI-cjbYBAAAA&ccb=7-5&oh=00_AfHQwTvTBmgOh91LdiYRSWPC_kuIUf_4LEkx_ZfM3AZm0A&oe=681CD047&_nc_sid=0985b0"
"292449610","monsterecko","=""18061650844993552""","Minta di penggal dia gaes @prabowo","3/25/2025, 4:01:02 AM","https://www.instagram.com/monsterecko","https://scontent-cgk2-2.cdninstagram.com/v/t51.2885-19/451307586_490000687055638_7554664073192118248_n.jpg?stp=dst-jpg_s150x150_tt6&_nc_ht=scontent-cgk2-2.cdninstagram.com&_nc_cat=110&_nc_oc=Q6cZ2QFPeE9nTL9G7NYtkGSsjVxGtZD0UpCoqTN7l8o3KJjCgQw68jF8bQMekSj1GtNHsRY&_nc_ohc=-zhjJ9ARleUQ7kNvwFcPcvW&_nc_gid=_1aNr8_J8FnWt71V86FIsg&edm=AI-cjbYBAAAA&ccb=7-5&oh=00_AfFL-416aE2Tj0bG_hpkRMzHoOz0OX766leRcsnB3ILudw&oe=681CD6F5&_nc_sid=0985b0"
"58196363287","melangkahajadulu","=""17900999205115326""","Allah melaknat orang yang menyiksa hewan dan memperlakukannya dengan sadis. (HR. Al Bukhari)","3/25/2025, 5:47:38 AM","https://www.instagram.com/melangkahajadulu","https://scontent-cgk2-2.cdninstagram.com/v/t51.2885-19/329066595_862360224871702_4370534333465005254_n.jpg?stp=dst-jpg_s150x150_tt6&_nc_ht=scontent-cgk2-2.cdninstagram.com&_nc_cat=110&_nc_oc=Q6cZ2QFPeE9nTL9G7NYtkGSsjVxGtZD0UpCoqTN7l8o3KJjCgQw68jF8bQMekSj1GtNHsRY&_nc_ohc=ViiNwk-cGtYQ7kNvwE6VyCR&_nc_gid=_1aNr8_J8FnWt71V86FIsg&edm=AI-cjbYBAAAA&ccb=7-5&oh=00_AfHBXnnH0OmZkjCRhClIT1IX5QRZ7wFwC7SlmjWEFOj-kg&oe=681CD44A&_nc_sid=0985b0"
"5648268106","anggie_atmaja","=""18272773906250850""","Semoga segera di usut !!","3/25/2025, 10:28:39 AM","https://www.instagram.com/anggie_atmaja","https://scontent-cgk1-2.cdninstagram.com/v/t51.2885-19/127835731_1251701361882575_5224871482707425675_n.jpg?stp=dst-jpg_s150x150_tt6&_nc_ht=scontent-cgk1-2.cdninstagram.com&_nc_cat=111&_nc_oc=Q6cZ2QFPeE9nTL9G7NYtkGSsjVxGtZD0UpCoqTN7l8o3KJjCgQw68jF8bQMekSj1GtNHsRY&_nc_ohc=IRVOfeobF00Q7kNvwHSx7sJ&_nc_gid=_1aNr8_J8FnWt71V86FIsg&edm=AI-cjbYBAAAA&ccb=7-5&oh=00_AfGrpmE0UgvIIxW7w56ncPBFCsyJ5DrCLVyJGFc9IxEiug&oe=681CCB22&_nc_sid=0985b0"
"70776393953","wawansugianto613","=""18039084596569250""","Semakin ditekan semakin melawan semakin ditakut takuti semakin berani! #indonesiagelap #cukup1periode #adilijokowi #kamibersamasukatani #iknmangkrak","3/25/2025, 11:02:54 AM","https://www.instagram.com/wawansugianto613","https://scontent-cgk1-2.cdninstagram.com/v/t51.2885-19/469632374_557297930390531_3419266582765324186_n.jpg?stp=dst-jpg_s150x150_tt6&_nc_ht=scontent-cgk1-2.cdninstagram.com&_nc_cat=111&_nc_oc=Q6cZ2QFPeE9nTL9G7NYtkGSsjVxGtZD0UpCoqTN7l8o3KJjCgQw68jF8bQMekSj1GtNHsRY&_nc_ohc=LwhgwNX4EeQQ7kNvwEYuOL8&_nc_gid=_1aNr8_J8FnWt71V86FIsg&edm=AI-cjbYBAAAA&ccb=7-5&oh=00_AfHxL6KinxOliqTaMRRW--zt5sD0ukRx55ceHjz-TbzKSw&oe=681CCCDA&_nc_sid=0985b0"
"1159245810","tsulis_ferb","=""18043199780522735""","Ada tim mawar lagi kayaknya ya","3/25/2025, 11:31:40 AM","https://www.instagram.com/tsulis_ferb","https://scontent-cgk1-2.cdninstagram.com/v/t51.2885-19/466569791_1299926274777853_3381343131481392028_n.jpg?stp=dst-jpg_s150x150_tt6&_nc_ht=scontent-cgk1-2.cdninstagram.com&_nc_cat=101&_nc_oc=Q6cZ2QFPeE9nTL9G7NYtkGSsjVxGtZD0UpCoqTN7l8o3KJjCgQw68jF8bQMekSj1GtNHsRY&_nc_ohc=XnWSPwg1NK0Q7kNvwHYkNYJ&_nc_gid=_1aNr8_J8FnWt71V86FIsg&edm=AI-cjbYBAAAA&ccb=7-5&oh=00_AfHnBO4BHe9OXNfXFEBYsFVQNga0_v_pxBwjON4EhvVrCg&oe=681CD171&_nc_sid=0985b0"
"1013231110","erramadhana","=""18091115200570934""","@gagahmbod setuju get, rujak cingur tikus","3/25/2025, 1:37:53 PM","https://www.instagram.com/erramadhana","https://scontent-cgk1-2.cdninstagram.com/v/t51.2885-19/71527666_483394902260923_1086795582527242240_n.jpg?stp=dst-jpg_s150x150_tt6&_nc_ht=scontent-cgk1-2.cdninstagram.com&_nc_cat=107&_nc_oc=Q6cZ2QFPeE9nTL9G7NYtkGSsjVxGtZD0UpCoqTN7l8o3KJjCgQw68jF8bQMekSj1GtNHsRY&_nc_ohc=_CODx5-U85YQ7kNvwHc-bHR&_nc_gid=_1aNr8_J8FnWt71V86FIsg&edm=AI-cjbYBAAAA&ccb=7-5&oh=00_AfEnjUH7hmMMaoY7XsHZw7KxTN-iBinpHc4MoF7JCzUzfQ&oe=681CE6EC&_nc_sid=0985b0"
"61847692128","mas_sungs","=""18097918675525879""","Minta usut polisi tuh ............ Bayar bayar bayar 🤣","3/25/2025, 6:34:20 PM","https://www.instagram.com/mas_sungs","https://scontent-cgk1-2.cdninstagram.com/v/t51.2885-19/379664646_1358415138088232_1231970198354338481_n.jpg?stp=dst-jpg_s150x150_tt6&_nc_ht=scontent-cgk1-2.cdninstagram.com&_nc_cat=108&_nc_oc=Q6cZ2QFPeE9nTL9G7NYtkGSsjVxGtZD0UpCoqTN7l8o3KJjCgQw68jF8bQMekSj1GtNHsRY&_nc_ohc=1sOapP87pRMQ7kNvwEGw55x&_nc_gid=_1aNr8_J8FnWt71V86FIsg&edm=AI-cjbYBAAAA&ccb=7-5&oh=00_AfGkNzHFr5YsPPyFLaR5MZLGzbwvCCM6kgPm8oIPcUVHlQ&oe=681CEE3D&_nc_sid=0985b0"
"197142188","fauzanwcksn","=""18065155810759083""","THE IRONY 🐀🐀🐀🐀🐀🐀","3/26/2025, 4:06:41 AM","https://www.instagram.com/fauzanwcksn","https://scontent-cgk2-2.cdninstagram.com/v/t51.2885-19/476020530_627737543274401_1062879787209786916_n.jpg?stp=dst-jpg_s150x150_tt6&_nc_ht=scontent-cgk2-2.cdninstagram.com&_nc_cat=105&_nc_oc=Q6cZ2QFPeE9nTL9G7NYtkGSsjVxGtZD0UpCoqTN7l8o3KJjCgQw68jF8bQMekSj1GtNHsRY&_nc_ohc=iaT1fo_plu8Q7kNvwGjmMH2&_nc_gid=_1aNr8_J8FnWt71V86FIsg&edm=AI-cjbYBAAAA&ccb=7-5&oh=00_AfFNXsKSWozGgXQUWFKIY6lN8GkqGXykpiJizBZnyZs1ng&oe=681CE9CB&_nc_sid=0985b0"
"69611921638","triawrrrrr_","=""18029104640363671""","skelas perumahan aja ketat penjagaannya wakk, masa tempo kalah siehh","3/26/2025, 1:18:15 PM","https://www.instagram.com/triawrrrrr_","https://scontent-cgk2-1.cdninstagram.com/v/t51.2885-19/463648876_541410345151530_2123514713623218827_n.jpg?stp=dst-jpg_s150x150_tt6&_nc_ht=scontent-cgk2-1.cdninstagram.com&_nc_cat=106&_nc_oc=Q6cZ2QFPeE9nTL9G7NYtkGSsjVxGtZD0UpCoqTN7l8o3KJjCgQw68jF8bQMekSj1GtNHsRY&_nc_ohc=D9dPqilajBYQ7kNvwGW_MYD&_nc_gid=_1aNr8_J8FnWt71V86FIsg&edm=AI-cjbYBAAAA&ccb=7-5&oh=00_AfGS4egQjnq9cwqkCQ1bI71wZ1RULQ71I6p2k21F-gUaKw&oe=681CD226&_nc_sid=0985b0"
"71699480772","terbitlahteranng_","=""18040891196413286""","#kamibersamatempo","3/26/2025, 5:36:03 PM","https://www.instagram.com/terbitlahteranng_","https://instagram.fdel1-7.fna.fbcdn.net/v/t51.2885-19/464760996_1254146839119862_3605321457742435801_n.png?stp=dst-jpg_e0_s150x150_tt6&cb=8577c754-c2464923&_nc_ht=instagram.fdel1-7.fna.fbcdn.net&_nc_cat=1&_nc_oc=Q6cZ2QHNUV78OLezuOYsQ1I4CJJuKCDWyQxcub5iabUldkYdrFlqz9Nk5EyA3K4I72HMFs0PO-LfdN5Tn22KSVVCdbCB&_nc_ohc=Qsiv1ivZctsQ7kNvwH9nhWb&_nc_gid=I7M_BrS2Ov40P9Bet_0J9g&edm=AJ9x6zYBAAAA&ccb=7-5&ig_cache_key=YW5vbnltb3VzX3Byb2ZpbGVfcGlj.3-ccb7-5-cb8577c754-c2464923&oh=00_AfH8jaHkJ78YNznr0LmvdO2FBjyM9SWaBodTnyOho-5qEA&oe=681CC828&_nc_sid=65462d"
"2880003565","tobi.anggesta","=""18079826917726166""","@jianniii_ 👏👏","3/26/2025, 7:01:43 PM","https://www.instagram.com/tobi.anggesta","https://scontent-cgk1-2.cdninstagram.com/v/t51.2885-19/439150784_815557053774452_78471441294550353_n.jpg?stp=dst-jpg_s150x150_tt6&_nc_ht=scontent-cgk1-2.cdninstagram.com&_nc_cat=108&_nc_oc=Q6cZ2QFPeE9nTL9G7NYtkGSsjVxGtZD0UpCoqTN7l8o3KJjCgQw68jF8bQMekSj1GtNHsRY&_nc_ohc=DkHTGWzVaXEQ7kNvwFVBhQx&_nc_gid=_1aNr8_J8FnWt71V86FIsg&edm=AI-cjbYBAAAA&ccb=7-5&oh=00_AfH99fM4PE2UcX3P65_Ubw5nzwvPeLAnGMxnuuMLnMJ8Dg&oe=681CEE6D&_nc_sid=0985b0"
"46436817711","cryon.life","=""17855848761350281""","@rzkyyar njir ngirim sodara sendiri🗿","3/27/2025, 9:16:23 AM","https://www.instagram.com/cryon.life","https://scontent-cgk2-2.cdninstagram.com/v/t51.2885-19/431549423_1059367401959201_6264160061496404497_n.jpg?stp=dst-jpg_s150x150_tt6&_nc_ht=scontent-cgk2-2.cdninstagram.com&_nc_cat=105&_nc_oc=Q6cZ2QFPeE9nTL9G7NYtkGSsjVxGtZD0UpCoqTN7l8o3KJjCgQw68jF8bQMekSj1GtNHsRY&_nc_ohc=UfTLRaB---wQ7kNvwHQZKPB&_nc_gid=_1aNr8_J8FnWt71V86FIsg&edm=AI-cjbYBAAAA&ccb=7-5&oh=00_AfG_bvwj3Cf9odNN66jqbqYIUeQzwuBIy7n5RutzP-Ie1A&oe=681CF846&_nc_sid=0985b0"
"3730604201","salsablsdh","=""17843287386451509""","Bagus bang kerjaan lu. Sini ke rumah gue. Kebetulan gw gedek bgt tiap malem tikus pada lari2an","3/27/2025, 2:23:01 PM","https://www.instagram.com/salsablsdh","https://scontent-cgk1-2.cdninstagram.com/v/t51.2885-19/468174403_1492376558139296_4819101241441225211_n.jpg?stp=dst-jpg_s150x150_tt6&_nc_ht=scontent-cgk1-2.cdninstagram.com&_nc_cat=108&_nc_oc=Q6cZ2QFPeE9nTL9G7NYtkGSsjVxGtZD0UpCoqTN7l8o3KJjCgQw68jF8bQMekSj1GtNHsRY&_nc_ohc=jJTNpr3BjyoQ7kNvwEjgXo6&_nc_gid=_1aNr8_J8FnWt71V86FIsg&edm=AI-cjbYBAAAA&ccb=7-5&oh=00_AfFmNcvWUPnzRk0MCkPmmQN1A76wZkcbgzUBueR3b5Q4pw&oe=681CDC8D&_nc_sid=0985b0"
"70490468096","muhammadaulia793","=""18292950979246463""","Terimakasih tempo","3/28/2025, 3:53:53 PM","https://www.instagram.com/muhammadaulia793","https://instagram.fdel1-7.fna.fbcdn.net/v/t51.2885-19/464760996_1254146839119862_3605321457742435801_n.png?stp=dst-jpg_e0_s150x150_tt6&cb=8577c754-c2464923&_nc_ht=instagram.fdel1-7.fna.fbcdn.net&_nc_cat=1&_nc_oc=Q6cZ2QHNUV78OLezuOYsQ1I4CJJuKCDWyQxcub5iabUldkYdrFlqz9Nk5EyA3K4I72HMFs0PO-LfdN5Tn22KSVVCdbCB&_nc_ohc=Qsiv1ivZctsQ7kNvwH9nhWb&_nc_gid=I7M_BrS2Ov40P9Bet_0J9g&edm=AJ9x6zYBAAAA&ccb=7-5&ig_cache_key=YW5vbnltb3VzX3Byb2ZpbGVfcGlj.3-ccb7-5-cb8577c754-c2464923&oh=00_AfH8jaHkJ78YNznr0LmvdO2FBjyM9SWaBodTnyOho-5qEA&oe=681CC828&_nc_sid=65462d"
"68681623160","caterdoe","=""18039280514403369""","yang ngirim punya fetis sama bangke binatang kah","3/28/2025, 4:33:34 PM","https://www.instagram.com/caterdoe","https://scontent-cgk2-2.cdninstagram.com/v/t51.2885-19/487551054_1152204056375729_7554754886673871941_n.jpg?stp=dst-jpg_s150x150_tt6&_nc_ht=scontent-cgk2-2.cdninstagram.com&_nc_cat=105&_nc_oc=Q6cZ2QFPeE9nTL9G7NYtkGSsjVxGtZD0UpCoqTN7l8o3KJjCgQw68jF8bQMekSj1GtNHsRY&_nc_ohc=lgR4zvxybTAQ7kNvwGdBF7R&_nc_gid=_1aNr8_J8FnWt71V86FIsg&edm=AI-cjbYBAAAA&ccb=7-5&oh=00_AfEf3N5GOrHgKDzixDH-gHEwzy9ijbzVmL4GX3fRIhhkvA&oe=681CD69A&_nc_sid=0985b0"
"6365021771","aranikakim","=""18006590309723413""","Semoga tikus² berdasi di DPR juga sama bentuknya kayak paket itu","3/29/2025, 9:49:22 AM","https://www.instagram.com/aranikakim","https://scontent-cgk1-2.cdninstagram.com/v/t51.2885-19/112307810_743825176381328_1695127496394748835_n.jpg?stp=dst-jpg_s150x150_tt6&_nc_ht=scontent-cgk1-2.cdninstagram.com&_nc_cat=108&_nc_oc=Q6cZ2QFPeE9nTL9G7NYtkGSsjVxGtZD0UpCoqTN7l8o3KJjCgQw68jF8bQMekSj1GtNHsRY&_nc_ohc=V-NyOh_9wBQQ7kNvwFeegAI&_nc_gid=_1aNr8_J8FnWt71V86FIsg&edm=AI-cjbYBAAAA&ccb=7-5&oh=00_AfGAVJYV5_IxZuWWFLePpzQzZQZV9Q098wetMmVL0aPZZA&oe=681CD893&_nc_sid=0985b0"
"308421089","ivoaryena","=""18055651385160391""","@geovana_taa wkwkwk 🫣🫣","3/29/2025, 11:37:19 PM","https://www.instagram.com/ivoaryena","https://scontent-cgk2-2.cdninstagram.com/v/t51.2885-19/456570504_449587318080250_3637963863232053873_n.jpg?stp=dst-jpg_s150x150_tt6&_nc_ht=scontent-cgk2-2.cdninstagram.com&_nc_cat=110&_nc_oc=Q6cZ2QFPeE9nTL9G7NYtkGSsjVxGtZD0UpCoqTN7l8o3KJjCgQw68jF8bQMekSj1GtNHsRY&_nc_ohc=biqIA0aXxmQQ7kNvwGNdxOB&_nc_gid=_1aNr8_J8FnWt71V86FIsg&edm=AI-cjbYBAAAA&ccb=7-5&oh=00_AfH3SwvY5r3uSMFrsuWIWbETTqqcJs8xUi4Irf6uQxFnyg&oe=681CFA69&_nc_sid=0985b0"
"37846450533","n.arnlt15","=""18028465010403725""","#kamibersamatempo","4/14/2025, 8:58:29 PM","https://www.instagram.com/n.arnlt15","https://instagram.fdel1-7.fna.fbcdn.net/v/t51.2885-19/464760996_1254146839119862_3605321457742435801_n.png?stp=dst-jpg_e0_s150x150_tt6&cb=8577c754-c2464923&_nc_ht=instagram.fdel1-7.fna.fbcdn.net&_nc_cat=1&_nc_oc=Q6cZ2QHNUV78OLezuOYsQ1I4CJJuKCDWyQxcub5iabUldkYdrFlqz9Nk5EyA3K4I72HMFs0PO-LfdN5Tn22KSVVCdbCB&_nc_ohc=Qsiv1ivZctsQ7kNvwH9nhWb&_nc_gid=I7M_BrS2Ov40P9Bet_0J9g&edm=AJ9x6zYBAAAA&ccb=7-5&ig_cache_key=YW5vbnltb3VzX3Byb2ZpbGVfcGlj.3-ccb7-5-cb8577c754-c2464923&oh=00_AfH8jaHkJ78YNznr0LmvdO2FBjyM9SWaBodTnyOho-5qEA&oe=681CC828&_nc_sid=65462d"
"1906627617","inansawitri","=""17874149178214046""","Gada cctv kah? Atau cctv dirusak pelaku? Segala tikus dipenggal, penasaran bgt sm pelakunya. Aku yakin tempo pasti bisa mengetahui pelakunya deh, nyari informasi aja always A1, pasti ini bisalaah. Pgn tahu bgt pelaku nya 🙂","3/24/2025, 5:05:36 AM","https://www.instagram.com/inansawitri","https://scontent-cgk2-1.cdninstagram.com/v/t51.2885-19/473802195_1304665653906834_7259003133128463254_n.jpg?stp=dst-jpg_s150x150_tt6&_nc_ht=scontent-cgk2-1.cdninstagram.com&_nc_cat=106&_nc_oc=Q6cZ2QGS95o8TOZPwrMJZTnH5dArAwoU3RRiyu2hVdBinz5yY9QIZyx6uLre8jg_lWlnIwo&_nc_ohc=cVXBWkyror0Q7kNvwF-K5HG&_nc_gid=xGQCB7eZv17p8oBZtg4xcw&edm=AI-cjbYBAAAA&ccb=7-5&oh=00_AfFde0AHpQXsTUExRDRyBcyH3yGXUcwNKG1NcpncVPNF2w&oe=681CFA58&_nc_sid=0985b0"
"13320828516","goldenhorn","=""18088104505605757""","ini neror gitu bgt","3/24/2025, 5:27:52 AM","https://www.instagram.com/goldenhorn","https://scontent-cgk2-2.cdninstagram.com/v/t51.2885-19/490216755_1403793997289712_338401099907588480_n.jpg?stp=dst-jpg_s150x150_tt6&_nc_ht=scontent-cgk2-2.cdninstagram.com&_nc_cat=100&_nc_oc=Q6cZ2QGS95o8TOZPwrMJZTnH5dArAwoU3RRiyu2hVdBinz5yY9QIZyx6uLre8jg_lWlnIwo&_nc_ohc=X5ZuppxKVTcQ7kNvwGqHshd&_nc_gid=xGQCB7eZv17p8oBZtg4xcw&edm=AI-cjbYBAAAA&ccb=7-5&oh=00_AfGPqXKgobGqEVKTfC9lj1R4yiR43IjY0eMQncWb8FN5Ig&oe=681CE398&_nc_sid=0985b0"
"2053472365","symod38","=""17879226576269658""","Next nya ngeri boom bjir 😭 meledak itu tempo 🥺","3/24/2025, 5:32:18 AM","https://www.instagram.com/symod38","https://scontent-cgk1-2.cdninstagram.com/v/t51.2885-19/325531257_1248200052741920_6196633111491730430_n.jpg?stp=dst-jpg_s150x150_tt6&_nc_ht=scontent-cgk1-2.cdninstagram.com&_nc_cat=108&_nc_oc=Q6cZ2QGS95o8TOZPwrMJZTnH5dArAwoU3RRiyu2hVdBinz5yY9QIZyx6uLre8jg_lWlnIwo&_nc_ohc=4-CIVpC9Aj0Q7kNvwEUCiwY&_nc_gid=xGQCB7eZv17p8oBZtg4xcw&edm=AI-cjbYBAAAA&ccb=7-5&oh=00_AfGE4GC9HfP4JyZyE6Y-LPXHuQNZbf6ihDzEwcSdksu01A&oe=681CD649&_nc_sid=0985b0"
"64271674234","dyaaria","=""18069568375810090""","#kamibersamatempo","3/24/2025, 6:03:51 AM","https://www.instagram.com/dyaaria","https://scontent-cgk1-2.cdninstagram.com/v/t51.2885-19/439181878_7412451915514415_6354467937139855359_n.jpg?stp=dst-jpg_s150x150_tt6&_nc_ht=scontent-cgk1-2.cdninstagram.com&_nc_cat=111&_nc_oc=Q6cZ2QGS95o8TOZPwrMJZTnH5dArAwoU3RRiyu2hVdBinz5yY9QIZyx6uLre8jg_lWlnIwo&_nc_ohc=Tbaw-0rgC-AQ7kNvwEezlDK&_nc_gid=xGQCB7eZv17p8oBZtg4xcw&edm=AI-cjbYBAAAA&ccb=7-5&oh=00_AfFrYZWeYP76Jyn5SLqZrToV-3yTUL5SkbvB2dnZXtXFyQ&oe=681CF46B&_nc_sid=0985b0"
"45985042217","rrrsyda","=""17926901883032591""","Itu tikus kantor min😭🙏","3/24/2025, 6:15:05 AM","https://www.instagram.com/rrrsyda","https://scontent-cgk2-2.cdninstagram.com/v/t51.2885-19/470685615_573340671969557_6428669884305063795_n.jpg?stp=dst-jpg_s150x150_tt6&_nc_ht=scontent-cgk2-2.cdninstagram.com&_nc_cat=105&_nc_oc=Q6cZ2QGS95o8TOZPwrMJZTnH5dArAwoU3RRiyu2hVdBinz5yY9QIZyx6uLre8jg_lWlnIwo&_nc_ohc=46yBt198VMAQ7kNvwHzsV0g&_nc_gid=xGQCB7eZv17p8oBZtg4xcw&edm=AI-cjbYBAAAA&ccb=7-5&oh=00_AfF2hftmNvJ8QWLd7OoBQp_fPlIgwJ0Eb9myoO1xRHQ4cw&oe=681CD162&_nc_sid=0985b0"
"3992898705","nurmi_utami","=""17883517332250866""","@ahmadnurfauji.id Aamiin Alhamdulillah 🤣","3/24/2025, 6:27:44 AM","https://www.instagram.com/nurmi_utami","https://scontent-cgk2-1.cdninstagram.com/v/t51.2885-19/457734941_1926386211210362_5701144240774907330_n.jpg?stp=dst-jpg_s150x150_tt6&_nc_ht=scontent-cgk2-1.cdninstagram.com&_nc_cat=102&_nc_oc=Q6cZ2QGS95o8TOZPwrMJZTnH5dArAwoU3RRiyu2hVdBinz5yY9QIZyx6uLre8jg_lWlnIwo&_nc_ohc=rqyCSz7VqqAQ7kNvwFb9YIs&_nc_gid=xGQCB7eZv17p8oBZtg4xcw&edm=AI-cjbYBAAAA&ccb=7-5&oh=00_AfGOwTmp62YZUKX6LHK8uk3hL5NabFBBfjpvtdMeJS0rNA&oe=681CF040&_nc_sid=0985b0"
"3992898705","nurmi_utami","=""17859814752384296""","Maaf salah pesenan, bukan ini pesanan kami tapi yg kami pesan adalah tikus yg pake dasi 😌🤭","3/24/2025, 6:29:27 AM","https://www.instagram.com/nurmi_utami","https://scontent-cgk2-1.cdninstagram.com/v/t51.2885-19/457734941_1926386211210362_5701144240774907330_n.jpg?stp=dst-jpg_s150x150_tt6&_nc_ht=scontent-cgk2-1.cdninstagram.com&_nc_cat=102&_nc_oc=Q6cZ2QGS95o8TOZPwrMJZTnH5dArAwoU3RRiyu2hVdBinz5yY9QIZyx6uLre8jg_lWlnIwo&_nc_ohc=rqyCSz7VqqAQ7kNvwFb9YIs&_nc_gid=xGQCB7eZv17p8oBZtg4xcw&edm=AI-cjbYBAAAA&ccb=7-5&oh=00_AfGOwTmp62YZUKX6LHK8uk3hL5NabFBBfjpvtdMeJS0rNA&oe=681CF040&_nc_sid=0985b0"
"5608613727","ikhsan_nasrullah09","=""17965610747745682""","@bunciskeju oh iya, kenapa jadi persoalan yah emang kenapa dengan persoalan. Persoalan memang harus ada supaya manusia bisa menjawab tantangan zaman. Mungkin maksudnya kenapa dipermasalahkan.","3/24/2025, 6:58:24 AM","https://www.instagram.com/ikhsan_nasrullah09","https://scontent-cgk2-1.cdninstagram.com/v/t51.2885-19/411478962_2509931539192023_7144366450561828514_n.jpg?stp=dst-jpg_s150x150_tt6&_nc_ht=scontent-cgk2-1.cdninstagram.com&_nc_cat=103&_nc_oc=Q6cZ2QGS95o8TOZPwrMJZTnH5dArAwoU3RRiyu2hVdBinz5yY9QIZyx6uLre8jg_lWlnIwo&_nc_ohc=STySNgLxvCwQ7kNvwE3LtNK&_nc_gid=xGQCB7eZv17p8oBZtg4xcw&edm=AI-cjbYBAAAA&ccb=7-5&oh=00_AfGePxfcnRq2qO2FppqZRMw2cf-AeJQxY0VPptCU_aQFWA&oe=681CE3CE&_nc_sid=0985b0"
"3465377520","kufkfy","=""18340690507081901""","@p_krisna13 *lari terbirit-birit*","3/24/2025, 7:16:09 AM","https://www.instagram.com/kufkfy","https://scontent-cgk2-1.cdninstagram.com/v/t51.2885-19/482692458_623556970607490_1868016180281726969_n.jpg?stp=dst-jpg_s150x150_tt6&_nc_ht=scontent-cgk2-1.cdninstagram.com&_nc_cat=106&_nc_oc=Q6cZ2QGS95o8TOZPwrMJZTnH5dArAwoU3RRiyu2hVdBinz5yY9QIZyx6uLre8jg_lWlnIwo&_nc_ohc=W4-_3Fob0-4Q7kNvwGI0QoB&_nc_gid=xGQCB7eZv17p8oBZtg4xcw&edm=AI-cjbYBAAAA&ccb=7-5&oh=00_AfE9yTmp1a6iJuKBNnotplx9-P372xB8AcbDODS48HSjZw&oe=681CD04F&_nc_sid=0985b0"
"4361251275","maulana_shiddiq_","=""17848986360399447""","@ahmadnurfauji.id kalo gini turut bersuka cita aja lagi","3/24/2025, 7:24:58 AM","https://www.instagram.com/maulana_shiddiq_","https://scontent-cgk2-1.cdninstagram.com/v/t51.2885-19/419074707_6625707747534090_4382544248386850014_n.jpg?stp=dst-jpg_s150x150_tt6&_nc_ht=scontent-cgk2-1.cdninstagram.com&_nc_cat=106&_nc_oc=Q6cZ2QGS95o8TOZPwrMJZTnH5dArAwoU3RRiyu2hVdBinz5yY9QIZyx6uLre8jg_lWlnIwo&_nc_ohc=mH02t6VFZ6gQ7kNvwHnjJrS&_nc_gid=xGQCB7eZv17p8oBZtg4xcw&edm=AI-cjbYBAAAA&ccb=7-5&oh=00_AfHHW_wSco2_DVrf8voO2HQmcnOocKbgnsICwRHTmoToDQ&oe=681CF56C&_nc_sid=0985b0"
"54655660436","rattt._u","=""17960951363906685""","1. gimana SOP penerimaan paket disana?
2.emangnya disana gada cctv?
3.emangnya disana sepi?
4.penjaga atau warga sekitar emangnya gatau?","3/24/2025, 7:29:18 AM","https://www.instagram.com/rattt._u","https://scontent-cgk2-2.cdninstagram.com/v/t51.2885-19/495157995_17982003869820437_3701123386918198991_n.jpg?stp=dst-jpg_s150x150_tt6&_nc_ht=scontent-cgk2-2.cdninstagram.com&_nc_cat=105&_nc_oc=Q6cZ2QGS95o8TOZPwrMJZTnH5dArAwoU3RRiyu2hVdBinz5yY9QIZyx6uLre8jg_lWlnIwo&_nc_ohc=cwMWj7BDsVYQ7kNvwH3b-Gs&_nc_gid=xGQCB7eZv17p8oBZtg4xcw&edm=AI-cjbYBAAAA&ccb=7-5&oh=00_AfE2BG_VbDt6AsUxQI3eXdyHVdqzbMN7ZIwb7cxhLnFycw&oe=681CF553&_nc_sid=0985b0"
"13120552968","dhimm.xy","=""18062369036494573""","Curiga habis ini dikirim naga","3/24/2025, 7:35:49 AM","https://www.instagram.com/dhimm.xy","https://scontent-cgk1-2.cdninstagram.com/v/t51.2885-19/495282722_18126861424432969_6376132192659252947_n.jpg?stp=dst-jpg_s150x150_tt6&_nc_ht=scontent-cgk1-2.cdninstagram.com&_nc_cat=101&_nc_oc=Q6cZ2QGS95o8TOZPwrMJZTnH5dArAwoU3RRiyu2hVdBinz5yY9QIZyx6uLre8jg_lWlnIwo&_nc_ohc=69wyyuSEv8MQ7kNvwGjRdwS&_nc_gid=xGQCB7eZv17p8oBZtg4xcw&edm=AI-cjbYBAAAA&ccb=7-5&oh=00_AfE1uK6cvuhbfE_20oRQQ68FixjmVVamhuCp0uRIZR6BOQ&oe=681CDDD8&_nc_sid=0985b0"
"54655660436","rattt._u","=""18060210865862859""","kan aneh ya sekelas tempo  1. gimana SOP penerimaan paket disana?
2.emangnya disana gada cctv?
3.emangnya disana sepi?
4.penjaga atau warga sekitar emangnya gatau?","3/24/2025, 7:37:46 AM","https://www.instagram.com/rattt._u","https://scontent-cgk2-2.cdninstagram.com/v/t51.2885-19/495157995_17982003869820437_3701123386918198991_n.jpg?stp=dst-jpg_s150x150_tt6&_nc_ht=scontent-cgk2-2.cdninstagram.com&_nc_cat=105&_nc_oc=Q6cZ2QGS95o8TOZPwrMJZTnH5dArAwoU3RRiyu2hVdBinz5yY9QIZyx6uLre8jg_lWlnIwo&_nc_ohc=cwMWj7BDsVYQ7kNvwH3b-Gs&_nc_gid=xGQCB7eZv17p8oBZtg4xcw&edm=AI-cjbYBAAAA&ccb=7-5&oh=00_AfE2BG_VbDt6AsUxQI3eXdyHVdqzbMN7ZIwb7cxhLnFycw&oe=681CF553&_nc_sid=0985b0"
"4459615984","tigorabrahamsitohang","=""18055138310274775""","@trirahayu.nt Nihhh","3/24/2025, 8:33:18 AM","https://www.instagram.com/tigorabrahamsitohang","https://scontent-cgk1-2.cdninstagram.com/v/t51.2885-19/472121515_474824618970443_416773006668486697_n.jpg?stp=dst-jpg_s150x150_tt6&_nc_ht=scontent-cgk1-2.cdninstagram.com&_nc_cat=111&_nc_oc=Q6cZ2QGS95o8TOZPwrMJZTnH5dArAwoU3RRiyu2hVdBinz5yY9QIZyx6uLre8jg_lWlnIwo&_nc_ohc=EEifgmCsiDgQ7kNvwFutUaN&_nc_gid=xGQCB7eZv17p8oBZtg4xcw&edm=AI-cjbYBAAAA&ccb=7-5&oh=00_AfHAGxqkXLKNsktOF8Nsgq5epjbIZ--5VZvHafioe7SGug&oe=681CD0D4&_nc_sid=0985b0"
"1760131276","adeliv.v","=""18354997735183293""","Kolot.","3/24/2025, 8:41:17 AM","https://www.instagram.com/adeliv.v","https://scontent-cgk1-2.cdninstagram.com/v/t51.2885-19/483062354_1371173010975908_8355788838671876782_n.jpg?stp=dst-jpg_s150x150_tt6&_nc_ht=scontent-cgk1-2.cdninstagram.com&_nc_cat=108&_nc_oc=Q6cZ2QGS95o8TOZPwrMJZTnH5dArAwoU3RRiyu2hVdBinz5yY9QIZyx6uLre8jg_lWlnIwo&_nc_ohc=660S9TyPK9MQ7kNvwFbcekZ&_nc_gid=xGQCB7eZv17p8oBZtg4xcw&edm=AI-cjbYBAAAA&ccb=7-5&oh=00_AfF5Q8PG204xMO0x9y8q-0OYNjCYeVdKNThtsQtW9oTNIA&oe=681CEEF0&_nc_sid=0985b0"
"1288160840","avindawibowo","=""17959230431867615""","Mau nanya, kantor Tempo ada CCTVnya? Bisa dicek tuh siapa pelakunya, cek aja CCTVnya !!","3/24/2025, 8:46:00 AM","https://www.instagram.com/avindawibowo","https://scontent-cgk1-1.cdninstagram.com/v/t51.2885-19/482079580_1559841281522889_902536661994741463_n.jpg?stp=dst-jpg_s150x150_tt6&_nc_ht=scontent-cgk1-1.cdninstagram.com&_nc_cat=109&_nc_oc=Q6cZ2QGS95o8TOZPwrMJZTnH5dArAwoU3RRiyu2hVdBinz5yY9QIZyx6uLre8jg_lWlnIwo&_nc_ohc=1tkVZ-rULJsQ7kNvwH7jNdC&_nc_gid=xGQCB7eZv17p8oBZtg4xcw&edm=AI-cjbYBAAAA&ccb=7-5&oh=00_AfFeN8rlIvstokPQ8YvopJPPG6HPL0j-7R_KJ6kxP7Kl8Q&oe=681CD0F1&_nc_sid=0985b0"
"3552390456","penguliner","=""17914880291983379""","Beraninya menggal tikus, berani ga menggal koruptor?","3/24/2025, 8:50:53 AM","https://www.instagram.com/penguliner","https://scontent-cgk2-1.cdninstagram.com/v/t51.2885-19/491443267_1535394777839068_6870208961762052672_n.jpg?stp=dst-jpg_s150x150_tt6&_nc_ht=scontent-cgk2-1.cdninstagram.com&_nc_cat=104&_nc_oc=Q6cZ2QGS95o8TOZPwrMJZTnH5dArAwoU3RRiyu2hVdBinz5yY9QIZyx6uLre8jg_lWlnIwo&_nc_ohc=VUvbr-EgvxoQ7kNvwFn5J_t&_nc_gid=xGQCB7eZv17p8oBZtg4xcw&edm=AI-cjbYBAAAA&ccb=7-5&oh=00_AfFyQEEIgPtGSCYQkxyE5KfLw2vAUWpN5BQwkA02DPnEhA&oe=681CE362&_nc_sid=0985b0"
"11923879674","faniap01","=""18059178377015103""","Nah itu seharusnya para koruptor seperti itu","3/24/2025, 8:54:02 AM","https://www.instagram.com/faniap01","https://scontent-cgk2-1.cdninstagram.com/v/t51.2885-19/463734312_1245522519983262_8622066426132300387_n.jpg?stp=dst-jpg_s150x150_tt6&_nc_ht=scontent-cgk2-1.cdninstagram.com&_nc_cat=106&_nc_oc=Q6cZ2QGS95o8TOZPwrMJZTnH5dArAwoU3RRiyu2hVdBinz5yY9QIZyx6uLre8jg_lWlnIwo&_nc_ohc=wl8_olp7bv4Q7kNvwFCLKxc&_nc_gid=xGQCB7eZv17p8oBZtg4xcw&edm=AI-cjbYBAAAA&ccb=7-5&oh=00_AfFy7Ixa_lMhv7VXZSN5bMQz_Yt6-I4f-V8RrFm0YP8hqQ&oe=681CE6EB&_nc_sid=0985b0"
"1696680950","syadesofyou","=""17961606650909876""","apa cuma gw doang disini?  yang gak percaya berita ginian saking banyak pengalihan issue . Logika aja sih kalo gini yg ketauan kinerjanya jelek kan kepolisian .","3/24/2025, 8:59:50 AM","https://www.instagram.com/syadesofyou","https://scontent-cgk1-2.cdninstagram.com/v/t51.2885-19/491422851_18507061612040951_4441329324234685556_n.jpg?stp=dst-jpg_s150x150_tt6&_nc_ht=scontent-cgk1-2.cdninstagram.com&_nc_cat=111&_nc_oc=Q6cZ2QGS95o8TOZPwrMJZTnH5dArAwoU3RRiyu2hVdBinz5yY9QIZyx6uLre8jg_lWlnIwo&_nc_ohc=tP545PAmk9cQ7kNvwFEu6aq&_nc_gid=xGQCB7eZv17p8oBZtg4xcw&edm=AI-cjbYBAAAA&ccb=7-5&oh=00_AfHFdAGDGL_b8ZnYI2TRhVDkXBybj3g0ILSo7nr7MAOxdA&oe=681CCEA8&_nc_sid=0985b0"
"62251111323","brmzz.nomerch","=""17999865605780400""","Friendly fire bjir🗿","3/24/2025, 9:15:55 AM","https://www.instagram.com/brmzz.nomerch","https://scontent-cgk1-1.cdninstagram.com/v/t51.2885-19/485280494_1000295802060657_466809288676783728_n.jpg?stp=dst-jpg_s150x150_tt6&_nc_ht=scontent-cgk1-1.cdninstagram.com&_nc_cat=109&_nc_oc=Q6cZ2QGS95o8TOZPwrMJZTnH5dArAwoU3RRiyu2hVdBinz5yY9QIZyx6uLre8jg_lWlnIwo&_nc_ohc=-RkrhyR8jm8Q7kNvwGPxFWd&_nc_gid=xGQCB7eZv17p8oBZtg4xcw&edm=AI-cjbYBAAAA&ccb=7-5&oh=00_AfF923G-67Xl2OXFtEIRq1QtgtN_gXGNpcZzWayZnRm4Yg&oe=681CD32A&_nc_sid=0985b0"
"3547717307","andriana_marlina","=""17959658309872400""","Ibarat mata pencahariannya hilang..","3/24/2025, 9:17:27 AM","https://www.instagram.com/andriana_marlina","https://scontent-cgk1-2.cdninstagram.com/v/t51.2885-19/120368241_366608567710463_2953373905188423490_n.jpg?stp=dst-jpg_s150x150_tt6&_nc_ht=scontent-cgk1-2.cdninstagram.com&_nc_cat=111&_nc_oc=Q6cZ2QGS95o8TOZPwrMJZTnH5dArAwoU3RRiyu2hVdBinz5yY9QIZyx6uLre8jg_lWlnIwo&_nc_ohc=4pjBURveKqkQ7kNvwFuQPda&_nc_gid=xGQCB7eZv17p8oBZtg4xcw&edm=AI-cjbYBAAAA&ccb=7-5&oh=00_AfEgWI5f2bB-pDQT_2LpS-jh6YUV6Q_rMHhXMJ9xqfZ48w&oe=681CF430&_nc_sid=0985b0"
"2216240737","_violalalaa","=""18107627398488456""","“pengiriman diurutkan berdasarkan shio ya, selanjutnya kepala naga”","3/24/2025, 9:19:29 AM","https://www.instagram.com/_violalalaa","https://scontent-cgk2-2.cdninstagram.com/v/t51.2885-19/434575481_2093661560999825_4149674469504427487_n.jpg?stp=dst-jpg_s150x150_tt6&_nc_ht=scontent-cgk2-2.cdninstagram.com&_nc_cat=105&_nc_oc=Q6cZ2QGS95o8TOZPwrMJZTnH5dArAwoU3RRiyu2hVdBinz5yY9QIZyx6uLre8jg_lWlnIwo&_nc_ohc=pwFcNLVFU94Q7kNvwGUllyc&_nc_gid=xGQCB7eZv17p8oBZtg4xcw&edm=AI-cjbYBAAAA&ccb=7-5&oh=00_AfE2iaPq43Jk-_dpGthrCpzuZ94icU9_yktfPbM9vbzjFg&oe=681CF58E&_nc_sid=0985b0"
"1484786613","pratyaqsa","=""17975868245826696""","Usut aja pasti ketawan kalau berani mah, ini gampang bgt ngetrackingnya harusnya","3/24/2025, 9:36:41 AM","https://www.instagram.com/pratyaqsa","https://scontent-cgk1-2.cdninstagram.com/v/t51.2885-19/376646917_1007487187261597_2291021281240010158_n.jpg?stp=dst-jpg_s150x150_tt6&_nc_ht=scontent-cgk1-2.cdninstagram.com&_nc_cat=101&_nc_oc=Q6cZ2QGS95o8TOZPwrMJZTnH5dArAwoU3RRiyu2hVdBinz5yY9QIZyx6uLre8jg_lWlnIwo&_nc_ohc=FJ9L5rvw3isQ7kNvwH_Hl5_&_nc_gid=xGQCB7eZv17p8oBZtg4xcw&edm=AI-cjbYBAAAA&ccb=7-5&oh=00_AfGlhpxRajngbOD7UIkMrjUPKhPGXx_TlhCGo4uyw979dw&oe=681CE9F2&_nc_sid=0985b0"
"1951753719","chaiirinnn","=""18066078766756257""","@ahmadnurfauji.id FR","3/24/2025, 9:50:44 AM","https://www.instagram.com/chaiirinnn","https://scontent-cgk2-1.cdninstagram.com/v/t51.2885-19/471777693_1297677415018576_7684590305349027103_n.jpg?stp=dst-jpg_s150x150_tt6&_nc_ht=scontent-cgk2-1.cdninstagram.com&_nc_cat=104&_nc_oc=Q6cZ2QGS95o8TOZPwrMJZTnH5dArAwoU3RRiyu2hVdBinz5yY9QIZyx6uLre8jg_lWlnIwo&_nc_ohc=hGjGhz3bpVoQ7kNvwFwkgGa&_nc_gid=xGQCB7eZv17p8oBZtg4xcw&edm=AI-cjbYBAAAA&ccb=7-5&oh=00_AfEt7p_nuhHn-qeM42Z34GZmt8TlsTt4qqjVEmsDv5byfQ&oe=681CCDE5&_nc_sid=0985b0"
"645038932","muelsimamora","=""18080729212646108""","@riomarshal07 bahayaaa","3/24/2025, 9:56:00 AM","https://www.instagram.com/muelsimamora","https://scontent-cgk1-2.cdninstagram.com/v/t51.2885-19/434987912_430845312799645_3268083013985396087_n.jpg?stp=dst-jpg_s150x150_tt6&_nc_ht=scontent-cgk1-2.cdninstagram.com&_nc_cat=101&_nc_oc=Q6cZ2QGS95o8TOZPwrMJZTnH5dArAwoU3RRiyu2hVdBinz5yY9QIZyx6uLre8jg_lWlnIwo&_nc_ohc=H8yubaRyuTwQ7kNvwE4PaGV&_nc_gid=xGQCB7eZv17p8oBZtg4xcw&edm=AI-cjbYBAAAA&ccb=7-5&oh=00_AfHjmlAgpADn0k7y4O--H87abJEOYjEf2rZ1eQxmKlMAFw&oe=681CDE2B&_nc_sid=0985b0"
"2215671103","jefa_zakaria","=""18124952737424135""","gagal fokus sama bungkusnya kok bisa gambar mawar kek ngode nih ceritanya ?","3/24/2025, 10:01:42 AM","https://www.instagram.com/jefa_zakaria","https://scontent-cgk1-2.cdninstagram.com/v/t51.2885-19/12132693_904419629639123_488811381_a.jpg?stp=dst-jpg_s150x150_tt6&_nc_ht=scontent-cgk1-2.cdninstagram.com&_nc_cat=111&_nc_oc=Q6cZ2QGS95o8TOZPwrMJZTnH5dArAwoU3RRiyu2hVdBinz5yY9QIZyx6uLre8jg_lWlnIwo&_nc_ohc=40lyKny9Js8Q7kNvwHCk6s9&_nc_gid=xGQCB7eZv17p8oBZtg4xcw&edm=AI-cjbYBAAAA&ccb=7-5&oh=00_AfEG6Kfx9-29KcVd3nVuooX-GOrUYlxkjzoNQ2DtmnGCCA&oe=681CD993&_nc_sid=0985b0"
"50799538522","sushieespam","=""18021340298485565""","biar kau","3/24/2025, 10:33:56 AM","https://www.instagram.com/sushieespam","https://scontent-cgk2-2.cdninstagram.com/v/t51.2885-19/491518320_1748263865720837_8725160873930051239_n.jpg?stp=dst-jpg_s150x150_tt6&_nc_ht=scontent-cgk2-2.cdninstagram.com&_nc_cat=105&_nc_oc=Q6cZ2QGS95o8TOZPwrMJZTnH5dArAwoU3RRiyu2hVdBinz5yY9QIZyx6uLre8jg_lWlnIwo&_nc_ohc=cIueUG41Q8wQ7kNvwFRcJWp&_nc_gid=xGQCB7eZv17p8oBZtg4xcw&edm=AI-cjbYBAAAA&ccb=7-5&oh=00_AfFq1FBk-Ij6kHJx0Tay3SBUhTGb_tdepd11akOEXA2YMg&oe=681CE66E&_nc_sid=0985b0"
"1621905484","trya_kodok","=""18363676261123495""","Kirim temennya sendiri kah.?","3/24/2025, 10:40:38 AM","https://www.instagram.com/trya_kodok","https://scontent-cgk2-1.cdninstagram.com/v/t51.2885-19/53759618_422779368456675_6884697799414251520_n.jpg?stp=dst-jpg_s150x150_tt6&_nc_ht=scontent-cgk2-1.cdninstagram.com&_nc_cat=103&_nc_oc=Q6cZ2QGS95o8TOZPwrMJZTnH5dArAwoU3RRiyu2hVdBinz5yY9QIZyx6uLre8jg_lWlnIwo&_nc_ohc=4F9M5h2dIk4Q7kNvwEUfwii&_nc_gid=xGQCB7eZv17p8oBZtg4xcw&edm=AI-cjbYBAAAA&ccb=7-5&oh=00_AfH_Er_TVJkvCj1xaeteBWXBVmQSKTv0vjzqnrjVwgHBGg&oe=681CD515&_nc_sid=0985b0"
"3299194973","parodai","=""18073126609836142""","@tempodotco @prabowo save pers indonesia","3/24/2025, 10:44:27 AM","https://www.instagram.com/parodai","https://scontent-cgk2-2.cdninstagram.com/v/t51.2885-19/495658319_18398043175106974_547560257175669727_n.jpg?stp=dst-jpg_s150x150_tt6&_nc_ht=scontent-cgk2-2.cdninstagram.com&_nc_cat=110&_nc_oc=Q6cZ2QGS95o8TOZPwrMJZTnH5dArAwoU3RRiyu2hVdBinz5yY9QIZyx6uLre8jg_lWlnIwo&_nc_ohc=QNO-ZMugTawQ7kNvwEj-p8M&_nc_gid=xGQCB7eZv17p8oBZtg4xcw&edm=AI-cjbYBAAAA&ccb=7-5&oh=00_AfEfMtwIv_UvkTCVIwe_3_SY71bwGhKLVWfTvXKIth-TMQ&oe=681CF3E0&_nc_sid=0985b0"
"16736496388","davinci.gab","=""18496762144044006""","#KamiBersamaTempo","3/24/2025, 11:43:41 AM","https://www.instagram.com/davinci.gab","https://scontent-cgk2-1.cdninstagram.com/v/t51.2885-19/87775567_706186373451916_322737865689661440_n.jpg?stp=dst-jpg_s150x150_tt6&_nc_ht=scontent-cgk2-1.cdninstagram.com&_nc_cat=104&_nc_oc=Q6cZ2QGS95o8TOZPwrMJZTnH5dArAwoU3RRiyu2hVdBinz5yY9QIZyx6uLre8jg_lWlnIwo&_nc_ohc=8zsJh3Oow1AQ7kNvwELdL1e&_nc_gid=xGQCB7eZv17p8oBZtg4xcw&edm=AI-cjbYBAAAA&ccb=7-5&oh=00_AfHmZmjB8e7BYTIugzAlsKpX8rWNaNy4mvqWabMmMQ5kkQ&oe=681CD7AA&_nc_sid=0985b0"
"22324136011","rafasyatrnta_","=""18096280876531020""","semangat tempoo👊 tikus ngirim tikus anehh","3/24/2025, 11:47:39 AM","https://www.instagram.com/rafasyatrnta_","https://scontent-cgk1-2.cdninstagram.com/v/t51.2885-19/467429850_8905183772895692_8209529576787126233_n.jpg?stp=dst-jpg_s150x150_tt6&_nc_ht=scontent-cgk1-2.cdninstagram.com&_nc_cat=108&_nc_oc=Q6cZ2QGS95o8TOZPwrMJZTnH5dArAwoU3RRiyu2hVdBinz5yY9QIZyx6uLre8jg_lWlnIwo&_nc_ohc=NdRN4wswuU4Q7kNvwHCCsHE&_nc_gid=xGQCB7eZv17p8oBZtg4xcw&edm=AI-cjbYBAAAA&ccb=7-5&oh=00_AfEdS9Up7tXQ2zUPRfpTxCTO1b7OzqtkLgHVTreUoWSrmw&oe=681CE0C3&_nc_sid=0985b0"
"54148941029","sallmaeee","=""18076961206705463""","nanti manusia yang dipenggal","3/24/2025, 11:49:15 AM","https://www.instagram.com/sallmaeee","https://scontent-cgk2-1.cdninstagram.com/v/t51.2885-19/491517726_17986451429805030_3296205806511021368_n.jpg?stp=dst-jpg_s150x150_tt6&_nc_ht=scontent-cgk2-1.cdninstagram.com&_nc_cat=106&_nc_oc=Q6cZ2QGS95o8TOZPwrMJZTnH5dArAwoU3RRiyu2hVdBinz5yY9QIZyx6uLre8jg_lWlnIwo&_nc_ohc=h3mSjh4PMAkQ7kNvwFEYULG&_nc_gid=xGQCB7eZv17p8oBZtg4xcw&edm=AI-cjbYBAAAA&ccb=7-5&oh=00_AfG0-2Mubex09FnYJbKMPw_5-2tbSiJC74-kxLjFuIx6OA&oe=681CF457&_nc_sid=0985b0"
"45068327272","bbyyguurll","=""18126244216420382""","@amaliadahl @dpr_ri pengiriman salah alamat ni , harus di returt","3/24/2025, 12:00:34 PM","https://www.instagram.com/bbyyguurll","https://scontent-cgk2-1.cdninstagram.com/v/t51.2885-19/471904123_1364433438265242_7542864637777721962_n.jpg?stp=dst-jpg_s150x150_tt6&_nc_ht=scontent-cgk2-1.cdninstagram.com&_nc_cat=106&_nc_oc=Q6cZ2QGS95o8TOZPwrMJZTnH5dArAwoU3RRiyu2hVdBinz5yY9QIZyx6uLre8jg_lWlnIwo&_nc_ohc=4mDGtVueeyUQ7kNvwFikS0r&_nc_gid=xGQCB7eZv17p8oBZtg4xcw&edm=AI-cjbYBAAAA&ccb=7-5&oh=00_AfEevuftxnOBdVjoeYAqdW1qP-yoYvft_8xSwKxnCvfIZQ&oe=681CD3C5&_nc_sid=0985b0"
"1351991386","eka_savior","=""17944077368962693""","Coba cek apakah ada 6 anggota dewan yg kosong kursinya??","3/24/2025, 12:04:07 PM","https://www.instagram.com/eka_savior","https://instagram.fcgk29-1.fna.fbcdn.net/v/t51.2885-19/464760996_1254146839119862_3605321457742435801_n.png?stp=dst-jpg_e0_s150x150_tt6&cb=8577c754-c2464923&_nc_ht=instagram.fcgk29-1.fna.fbcdn.net&_nc_cat=1&_nc_oc=Q6cZ2QHvAWK1WOgv-FsiJKgFMuPMRppgzvgEL17ZqEoDG7IgEdXixUWcIWK1VVrOilW02ok&_nc_ohc=Qsiv1ivZctsQ7kNvwG9xurv&_nc_gid=U8__8_WW1hjs0JDGW16zaw&edm=AFs-eF8BAAAA&ccb=7-5&ig_cache_key=YW5vbnltb3VzX3Byb2ZpbGVfcGlj.3-ccb7-5-cb8577c754-c2464923&oh=00_AfGQ7gsF-B4nJndnJsHFU3StM2djVzD5pMjak_D-R4PHIQ&oe=681CC828&_nc_sid=72eed0"
"5995186729","veronikaitakarina","=""18043114022582920""","Asli ngakak..🤣","3/24/2025, 12:12:01 PM","https://www.instagram.com/veronikaitakarina","https://scontent-cgk2-2.cdninstagram.com/v/t51.2885-19/240466679_215947527141593_7911704790088847_n.jpg?stp=dst-jpg_s150x150_tt6&_nc_ht=scontent-cgk2-2.cdninstagram.com&_nc_cat=105&_nc_oc=Q6cZ2QGS95o8TOZPwrMJZTnH5dArAwoU3RRiyu2hVdBinz5yY9QIZyx6uLre8jg_lWlnIwo&_nc_ohc=FOyocqM-Ou0Q7kNvwHwfCug&_nc_gid=xGQCB7eZv17p8oBZtg4xcw&edm=AI-cjbYBAAAA&ccb=7-5&oh=00_AfEx5Ydg7f2zXiPzd6VlubW5t5tSPyqpMwfQ6kHjvkqdaQ&oe=681CD888&_nc_sid=0985b0"
"1115002331","devano_depp","=""18075253984759442""","😡😡😡","3/24/2025, 12:16:49 PM","https://www.instagram.com/devano_depp","https://scontent-cgk2-2.cdninstagram.com/v/t51.2885-19/490809988_3691945197602746_517403655869059394_n.jpg?stp=dst-jpg_s150x150_tt6&_nc_ht=scontent-cgk2-2.cdninstagram.com&_nc_cat=110&_nc_oc=Q6cZ2QGS95o8TOZPwrMJZTnH5dArAwoU3RRiyu2hVdBinz5yY9QIZyx6uLre8jg_lWlnIwo&_nc_ohc=F5LmU75yM7wQ7kNvwGvPcLq&_nc_gid=xGQCB7eZv17p8oBZtg4xcw&edm=AI-cjbYBAAAA&ccb=7-5&oh=00_AfHG-i4Bt4R_rHnecgNIIc8fydn_F5LRXv4c_2O8SvIYNA&oe=681CDF90&_nc_sid=0985b0"
"3559578974","rifqifjrl","=""18126703450412318""","@andryynnn_ An D Ryan musuh alami dewa","3/24/2025, 12:36:01 PM","https://www.instagram.com/rifqifjrl","https://scontent-cgk1-2.cdninstagram.com/v/t51.2885-19/491413385_18387343735114975_5527394407443678938_n.jpg?stp=dst-jpg_s150x150_tt6&_nc_ht=scontent-cgk1-2.cdninstagram.com&_nc_cat=107&_nc_oc=Q6cZ2QGS95o8TOZPwrMJZTnH5dArAwoU3RRiyu2hVdBinz5yY9QIZyx6uLre8jg_lWlnIwo&_nc_ohc=FPiTYtCroUkQ7kNvwFT1MiE&_nc_gid=xGQCB7eZv17p8oBZtg4xcw&edm=AI-cjbYBAAAA&ccb=7-5&oh=00_AfH9Gx4GZyG4ixJsvEhxVSM5DXdeTT6O-ghqzczNaJBBdQ&oe=681CC3BF&_nc_sid=0985b0"
"30299079342","ginaamaliiya","=""17842886805451046""","Harusnya kan ke gedung DPR ya","3/24/2025, 12:49:28 PM","https://www.instagram.com/ginaamaliiya","https://scontent-cgk2-1.cdninstagram.com/v/t51.2885-19/481858041_584369378089866_1436553186896900966_n.jpg?stp=dst-jpg_s150x150_tt6&_nc_ht=scontent-cgk2-1.cdninstagram.com&_nc_cat=106&_nc_oc=Q6cZ2QGS95o8TOZPwrMJZTnH5dArAwoU3RRiyu2hVdBinz5yY9QIZyx6uLre8jg_lWlnIwo&_nc_ohc=iIwluNjt9X8Q7kNvwFVAz_t&_nc_gid=xGQCB7eZv17p8oBZtg4xcw&edm=AI-cjbYBAAAA&ccb=7-5&oh=00_AfGNWrc6KSmhqP2STjiEO_VGXqnEPzLdhhnvpBOOs7jkxQ&oe=681CD68E&_nc_sid=0985b0"
"4222670842","abrorrsii","=""18049446014517752""","12 jaam yang lalu, postinganya 2 hari yang lalu. Dan baru muncul pertanyaan ginian🤣","3/24/2025, 12:57:39 PM","https://www.instagram.com/abrorrsii","https://scontent-cgk1-2.cdninstagram.com/v/t51.2885-19/487879228_1776943882889012_6325608037770283758_n.jpg?stp=dst-jpg_s150x150_tt6&_nc_ht=scontent-cgk1-2.cdninstagram.com&_nc_cat=108&_nc_oc=Q6cZ2QGS95o8TOZPwrMJZTnH5dArAwoU3RRiyu2hVdBinz5yY9QIZyx6uLre8jg_lWlnIwo&_nc_ohc=-TphWCoQwwAQ7kNvwFQw54S&_nc_gid=xGQCB7eZv17p8oBZtg4xcw&edm=AI-cjbYBAAAA&ccb=7-5&oh=00_AfHEqRGVCc2weiQaPzqJYfefeQqyKSmsr0GL_n28HdCDlg&oe=681CEB5B&_nc_sid=0985b0"
"4222670842","abrorrsii","=""18076147924619795""","@fionyapriliaa menurut mbak?","3/24/2025, 12:59:14 PM","https://www.instagram.com/abrorrsii","https://scontent-cgk1-2.cdninstagram.com/v/t51.2885-19/487879228_1776943882889012_6325608037770283758_n.jpg?stp=dst-jpg_s150x150_tt6&_nc_ht=scontent-cgk1-2.cdninstagram.com&_nc_cat=108&_nc_oc=Q6cZ2QGS95o8TOZPwrMJZTnH5dArAwoU3RRiyu2hVdBinz5yY9QIZyx6uLre8jg_lWlnIwo&_nc_ohc=-TphWCoQwwAQ7kNvwFQw54S&_nc_gid=xGQCB7eZv17p8oBZtg4xcw&edm=AI-cjbYBAAAA&ccb=7-5&oh=00_AfHEqRGVCc2weiQaPzqJYfefeQqyKSmsr0GL_n28HdCDlg&oe=681CEB5B&_nc_sid=0985b0"
"34470118172","mhdadriansyh","=""18058061288026141""","Jadi ada 6 orang tempo yang akan di teror","3/24/2025, 1:03:35 PM","https://www.instagram.com/mhdadriansyh","https://scontent-cgk2-2.cdninstagram.com/v/t51.2885-19/468726610_868398635161212_2029082327881342035_n.jpg?stp=dst-jpg_s150x150_tt6&_nc_ht=scontent-cgk2-2.cdninstagram.com&_nc_cat=100&_nc_oc=Q6cZ2QGS95o8TOZPwrMJZTnH5dArAwoU3RRiyu2hVdBinz5yY9QIZyx6uLre8jg_lWlnIwo&_nc_ohc=tUc23AJSSyIQ7kNvwFt3j2l&_nc_gid=xGQCB7eZv17p8oBZtg4xcw&edm=AI-cjbYBAAAA&ccb=7-5&oh=00_AfEBjrr32YqrsDVdz9BqYumfzpqZOjWEgiN1J2LUvd9NJQ&oe=681CECCE&_nc_sid=0985b0"
"21419656509","edijunaedi37","=""18058721420099744""","Rajin Bgt Kirim Terro.. Kirim Takjil Lah..","3/24/2025, 1:19:50 PM","https://www.instagram.com/edijunaedi37","https://scontent-cgk2-1.cdninstagram.com/v/t51.2885-19/120463801_122761446018374_7274581172796584062_n.jpg?stp=dst-jpg_s150x150_tt6&_nc_ht=scontent-cgk2-1.cdninstagram.com&_nc_cat=102&_nc_oc=Q6cZ2QGS95o8TOZPwrMJZTnH5dArAwoU3RRiyu2hVdBinz5yY9QIZyx6uLre8jg_lWlnIwo&_nc_ohc=v1t7QuyNB5AQ7kNvwH_HBHc&_nc_gid=xGQCB7eZv17p8oBZtg4xcw&edm=AI-cjbYBAAAA&ccb=7-5&oh=00_AfEER0x-eJiK3Q2bycDcrluLb1q1l74rsvMomhkquPOYBg&oe=681CDB67&_nc_sid=0985b0"
"1119691792","nanahasmi","=""18301890697300037""","The real psikopat sih ini wihhhh jdi inget film “”””””","3/24/2025, 1:28:58 PM","https://www.instagram.com/nanahasmi","https://scontent-cgk2-2.cdninstagram.com/v/t51.2885-19/479176780_602853412657001_5606503166764196215_n.jpg?stp=dst-jpg_s150x150_tt6&_nc_ht=scontent-cgk2-2.cdninstagram.com&_nc_cat=105&_nc_oc=Q6cZ2QGS95o8TOZPwrMJZTnH5dArAwoU3RRiyu2hVdBinz5yY9QIZyx6uLre8jg_lWlnIwo&_nc_ohc=9X8Z1iynEmoQ7kNvwHmRaRT&_nc_gid=xGQCB7eZv17p8oBZtg4xcw&edm=AI-cjbYBAAAA&ccb=7-5&oh=00_AfGvPDaBTnhI-dZHAvvUU-LDFdgB4D_vlzLux3NyYPVPKA&oe=681CDDF9&_nc_sid=0985b0"
"16469658653","fajriahpadmi","=""18028691744340976""","Cecurut lagi ber aksi","3/24/2025, 2:18:51 PM","https://www.instagram.com/fajriahpadmi","https://scontent-cgk2-2.cdninstagram.com/v/t51.2885-19/66031528_3313538102005750_6343370167354916864_n.jpg?stp=dst-jpg_s150x150_tt6&_nc_ht=scontent-cgk2-2.cdninstagram.com&_nc_cat=110&_nc_oc=Q6cZ2QGS95o8TOZPwrMJZTnH5dArAwoU3RRiyu2hVdBinz5yY9QIZyx6uLre8jg_lWlnIwo&_nc_ohc=xBdKFMC2rRYQ7kNvwGoQvx9&_nc_gid=xGQCB7eZv17p8oBZtg4xcw&edm=AI-cjbYBAAAA&ccb=7-5&oh=00_AfFLHz4kGs3rdvaXhRaPjdeAsYSvam-YH-5rWPes6IMy0Q&oe=681CE95C&_nc_sid=0985b0"
"55463428577","fira_mayasanti","=""17954487017791865""","Tanda para tikus itu ketakutan.. ayok dunk masyarakat cerdas...!! Perbanyak  baca tempo biar pada melek.. jangan terlalu banyak joget2,, n tok tok...","3/24/2025, 2:21:16 PM","https://www.instagram.com/fira_mayasanti","https://scontent-cgk1-2.cdninstagram.com/v/t51.2885-19/399163095_705787297851145_2912270272567135787_n.jpg?stp=dst-jpg_s150x150_tt6&_nc_ht=scontent-cgk1-2.cdninstagram.com&_nc_cat=101&_nc_oc=Q6cZ2QGS95o8TOZPwrMJZTnH5dArAwoU3RRiyu2hVdBinz5yY9QIZyx6uLre8jg_lWlnIwo&_nc_ohc=KTUEf9YJPBQQ7kNvwFewPlm&_nc_gid=xGQCB7eZv17p8oBZtg4xcw&edm=AI-cjbYBAAAA&ccb=7-5&oh=00_AfE5UJKjJmYM6TUG0K2kJrGY-uEmge6hik_OD96oAkvmuQ&oe=681CCD9B&_nc_sid=0985b0"
"45689361576","m.alfruzz","=""18302027296209865""","@fionyapriliaa lucune rek pertanyaane😂😂😂","3/24/2025, 2:39:20 PM","https://www.instagram.com/m.alfruzz","https://scontent-cgk1-2.cdninstagram.com/v/t51.2885-19/475661311_1772039376910609_3604189817762069593_n.jpg?stp=dst-jpg_s150x150_tt6&_nc_ht=scontent-cgk1-2.cdninstagram.com&_nc_cat=101&_nc_oc=Q6cZ2QGS95o8TOZPwrMJZTnH5dArAwoU3RRiyu2hVdBinz5yY9QIZyx6uLre8jg_lWlnIwo&_nc_ohc=yj0vi6kd4AUQ7kNvwEdsyeF&_nc_gid=xGQCB7eZv17p8oBZtg4xcw&edm=AI-cjbYBAAAA&ccb=7-5&oh=00_AfEz-khJSB9U-s-4FLhpZqDb9iNjFf7bhfEyWJgfBx1_8w&oe=681CE838&_nc_sid=0985b0"
"45689361576","m.alfruzz","=""17842898295451086""","#KamiBersamaTempo","3/24/2025, 2:39:50 PM","https://www.instagram.com/m.alfruzz","https://scontent-cgk1-2.cdninstagram.com/v/t51.2885-19/475661311_1772039376910609_3604189817762069593_n.jpg?stp=dst-jpg_s150x150_tt6&_nc_ht=scontent-cgk1-2.cdninstagram.com&_nc_cat=101&_nc_oc=Q6cZ2QGS95o8TOZPwrMJZTnH5dArAwoU3RRiyu2hVdBinz5yY9QIZyx6uLre8jg_lWlnIwo&_nc_ohc=yj0vi6kd4AUQ7kNvwEdsyeF&_nc_gid=xGQCB7eZv17p8oBZtg4xcw&edm=AI-cjbYBAAAA&ccb=7-5&oh=00_AfEz-khJSB9U-s-4FLhpZqDb9iNjFf7bhfEyWJgfBx1_8w&oe=681CE838&_nc_sid=0985b0"
"48963528289","svmmer.florist","=""17990906375794591""","#kamibersamatempo","3/23/2025, 10:44:36 PM","https://www.instagram.com/svmmer.florist","https://scontent-cgk2-1.cdninstagram.com/v/t51.2885-19/283658168_1019720992304572_4959629624885820538_n.jpg?stp=dst-jpg_s150x150_tt6&_nc_ht=scontent-cgk2-1.cdninstagram.com&_nc_cat=104&_nc_oc=Q6cZ2QHSVQHq3u8uO-eQoXSnCUYvJ_BphQKTvn1Fetl0f1dv38JDqz_zWg9C-JDEY_2Mqbc&_nc_ohc=1Yc3r7xvEK0Q7kNvwEWP1Yw&_nc_gid=kCsRY3Z5LIgl5C-c061hLA&edm=AI-cjbYBAAAA&ccb=7-5&oh=00_AfGS1qWqEXRhURDPoyyzW-oDD9GEZ9I2pGSoUM_glKJGcQ&oe=681CDEAB&_nc_sid=0985b0"
"7670998083","azjoana_jn","=""17889565131210121""","Tempo oh Tempo, paketan data ini akan kuhabiskan untuk melihat beritamu. Akun apa yang perlu ku follow untuk bisa terus melihat beritamu Tempo 🔥🔥🔥","3/23/2025, 10:45:40 PM","https://www.instagram.com/azjoana_jn","https://scontent-cgk2-2.cdninstagram.com/v/t51.2885-19/483159744_2368739183513218_5001258022881004083_n.jpg?stp=dst-jpg_s150x150_tt6&_nc_ht=scontent-cgk2-2.cdninstagram.com&_nc_cat=110&_nc_oc=Q6cZ2QHSVQHq3u8uO-eQoXSnCUYvJ_BphQKTvn1Fetl0f1dv38JDqz_zWg9C-JDEY_2Mqbc&_nc_ohc=mNtSHI6dDlMQ7kNvwGzTBHJ&_nc_gid=kCsRY3Z5LIgl5C-c061hLA&edm=AI-cjbYBAAAA&ccb=7-5&oh=00_AfG27raHNjE_XB9KESO9c36kiz97f8qvF1V_C5Y5py-lEg&oe=681CEEA8&_nc_sid=0985b0"
"2631984767","taruna.santosa","=""17881220493163431""","kami bersama jurnalis tempo! tetap suarakan yang perlu disuarakan 🫡","3/23/2025, 11:00:56 PM","https://www.instagram.com/taruna.santosa","https://scontent-cgk2-2.cdninstagram.com/v/t51.2885-19/494213407_18340273180080768_1653030872490596604_n.jpg?stp=dst-jpg_s150x150_tt6&_nc_ht=scontent-cgk2-2.cdninstagram.com&_nc_cat=100&_nc_oc=Q6cZ2QHSVQHq3u8uO-eQoXSnCUYvJ_BphQKTvn1Fetl0f1dv38JDqz_zWg9C-JDEY_2Mqbc&_nc_ohc=DzUbZWd4QaYQ7kNvwENTXkC&_nc_gid=kCsRY3Z5LIgl5C-c061hLA&edm=AI-cjbYBAAAA&ccb=7-5&oh=00_AfFPtjPGNKXMiYdl3KaX86R6keTfwkBrblSgWJZqtjL_Ug&oe=681CF49E&_nc_sid=0985b0"
"15404410","evanpurwa","=""18062156569953703""","#kamibersamatempo 🔥🔥❤️","3/23/2025, 11:02:58 PM","https://www.instagram.com/evanpurwa","https://scontent-cgk2-1.cdninstagram.com/v/t51.2885-19/460251719_449506801458798_7512262965431974420_n.jpg?stp=dst-jpg_s150x150_tt6&_nc_ht=scontent-cgk2-1.cdninstagram.com&_nc_cat=106&_nc_oc=Q6cZ2QHSVQHq3u8uO-eQoXSnCUYvJ_BphQKTvn1Fetl0f1dv38JDqz_zWg9C-JDEY_2Mqbc&_nc_ohc=UMAnjsTna7gQ7kNvwFfc-30&_nc_gid=kCsRY3Z5LIgl5C-c061hLA&edm=AI-cjbYBAAAA&ccb=7-5&oh=00_AfHRWD8KrGTuSyA64khOTp-LYHx7hykBqFbEcGZ0XO0A7w&oe=681CF59E&_nc_sid=0985b0"
"56426700214","j4kusxx._","=""18040789883181070""","@cibaattt gua?","3/23/2025, 11:07:12 PM","https://www.instagram.com/j4kusxx._","https://scontent-cgk1-2.cdninstagram.com/v/t51.2885-19/44884218_345707102882519_2446069589734326272_n.jpg?stp=dst-jpg_s150x150_tt6&_nc_ht=scontent-cgk1-2.cdninstagram.com&_nc_cat=1&_nc_oc=Q6cZ2QHSVQHq3u8uO-eQoXSnCUYvJ_BphQKTvn1Fetl0f1dv38JDqz_zWg9C-JDEY_2Mqbc&_nc_ohc=At99i7tXFPQQ7kNvwHO8XBt&_nc_gid=kCsRY3Z5LIgl5C-c061hLA&edm=AI-cjbYBAAAA&ccb=7-5&ig_cache_key=YW5vbnltb3VzX3Byb2ZpbGVfcGlj.3-ccb7-5&oh=00_AfFYJ-Nr3zrIlwYThHFbXJtMRdVfsZdjSEQyjJR0Od3MnQ&oe=681CF48F&_nc_sid=0985b0"
"3632884889","fery_laspredo45","=""18140589754384008""","#kamibersamatempo 🔥","3/23/2025, 11:13:56 PM","https://www.instagram.com/fery_laspredo45","https://scontent-cgk1-2.cdninstagram.com/v/t51.2885-19/378444528_1465987000813772_3412769664719666827_n.jpg?stp=dst-jpg_s150x150_tt6&_nc_ht=scontent-cgk1-2.cdninstagram.com&_nc_cat=108&_nc_oc=Q6cZ2QHSVQHq3u8uO-eQoXSnCUYvJ_BphQKTvn1Fetl0f1dv38JDqz_zWg9C-JDEY_2Mqbc&_nc_ohc=Xv1SyFU_PiQQ7kNvwHLVrsD&_nc_gid=kCsRY3Z5LIgl5C-c061hLA&edm=AI-cjbYBAAAA&ccb=7-5&oh=00_AfEgBnpJkEGHXt_8gEzeuGeAXyTrZPf-MWQ4RquT4eZX2g&oe=681CE2E8&_nc_sid=0985b0"
"57508240042","dakarheri","=""18397572469098686""","1 kata lawan mafia negeri ini","3/23/2025, 11:23:31 PM","https://www.instagram.com/dakarheri","https://scontent-cgk1-2.cdninstagram.com/v/t51.2885-19/480420595_1040679134768843_2432314183674134800_n.jpg?stp=dst-jpg_s150x150_tt6&_nc_ht=scontent-cgk1-2.cdninstagram.com&_nc_cat=111&_nc_oc=Q6cZ2QHSVQHq3u8uO-eQoXSnCUYvJ_BphQKTvn1Fetl0f1dv38JDqz_zWg9C-JDEY_2Mqbc&_nc_ohc=Sk2hShTkd6oQ7kNvwGQODmt&_nc_gid=kCsRY3Z5LIgl5C-c061hLA&edm=AI-cjbYBAAAA&ccb=7-5&oh=00_AfH86rQVs5X1VFYNHxGBSV1iGmky4sRMwYVnkgFvuLi9tg&oe=681CCBE9&_nc_sid=0985b0"
"13989945219","taufik_hidayat237","=""17872288731318694""","Tempo hebat, pendirian nya teguh. Semoga dapat lindungan Allah SWT","3/23/2025, 11:24:19 PM","https://www.instagram.com/taufik_hidayat237","https://scontent-cgk2-1.cdninstagram.com/v/t51.2885-19/355844317_592768582999924_4609755523214827196_n.jpg?stp=dst-jpg_s150x150_tt6&_nc_ht=scontent-cgk2-1.cdninstagram.com&_nc_cat=104&_nc_oc=Q6cZ2QHSVQHq3u8uO-eQoXSnCUYvJ_BphQKTvn1Fetl0f1dv38JDqz_zWg9C-JDEY_2Mqbc&_nc_ohc=94UoKBM4dDAQ7kNvwHAgTSZ&_nc_gid=kCsRY3Z5LIgl5C-c061hLA&edm=AI-cjbYBAAAA&ccb=7-5&oh=00_AfF1FLHqWWTI2T-taoXPylis_SKGpho7rFWvxYHXJOEWTw&oe=681CEB13&_nc_sid=0985b0"
"69572013644","dr0340105","=""18501044182023025""","Kalau saran saya min itu kan ada orang yang antar paket coba deh tangkap yang ngantar paket atau di tahan dulu di pos security dan interograsi","3/23/2025, 11:49:00 PM","https://www.instagram.com/dr0340105","https://scontent-cgk1-1.cdninstagram.com/v/t51.2885-19/463665433_8483450235079461_545589853952696195_n.jpg?stp=dst-jpg_s150x150_tt6&_nc_ht=scontent-cgk1-1.cdninstagram.com&_nc_cat=109&_nc_oc=Q6cZ2QHSVQHq3u8uO-eQoXSnCUYvJ_BphQKTvn1Fetl0f1dv38JDqz_zWg9C-JDEY_2Mqbc&_nc_ohc=NDOsJvZbvzAQ7kNvwFxtlp7&_nc_gid=kCsRY3Z5LIgl5C-c061hLA&edm=AI-cjbYBAAAA&ccb=7-5&oh=00_AfEsDosUyTXOC-nN0TCv9iiipQizjg_gYnycrgXPVnwqZw&oe=681CEF4E&_nc_sid=0985b0"
"2060379812","fadhilatis.sabra","=""18072526513672025""","@bintangpede opet","3/23/2025, 11:53:43 PM","https://www.instagram.com/fadhilatis.sabra","https://scontent-cgk2-1.cdninstagram.com/v/t51.2885-19/451217918_8152309511458802_4855098403194382162_n.jpg?stp=dst-jpg_s150x150_tt6&_nc_ht=scontent-cgk2-1.cdninstagram.com&_nc_cat=102&_nc_oc=Q6cZ2QHSVQHq3u8uO-eQoXSnCUYvJ_BphQKTvn1Fetl0f1dv38JDqz_zWg9C-JDEY_2Mqbc&_nc_ohc=XFmLaObdR4IQ7kNvwFhkwpv&_nc_gid=kCsRY3Z5LIgl5C-c061hLA&edm=AI-cjbYBAAAA&ccb=7-5&oh=00_AfGIEu7LDwcGk0DG230uzawftHDaXQS5Uv-t-wUTIZ6Ejg&oe=681CC777&_nc_sid=0985b0"
"1329066648","danconns","=""17910376323098401""","@ramadhan_marij kepikiran ini juga","3/23/2025, 11:53:53 PM","https://www.instagram.com/danconns","https://scontent-cgk1-2.cdninstagram.com/v/t51.2885-19/491463755_1888144065259561_747166711564781255_n.jpg?stp=dst-jpg_s150x150_tt6&_nc_ht=scontent-cgk1-2.cdninstagram.com&_nc_cat=101&_nc_oc=Q6cZ2QHSVQHq3u8uO-eQoXSnCUYvJ_BphQKTvn1Fetl0f1dv38JDqz_zWg9C-JDEY_2Mqbc&_nc_ohc=wFHM6-zGHUkQ7kNvwGtUFyP&_nc_gid=kCsRY3Z5LIgl5C-c061hLA&edm=AI-cjbYBAAAA&ccb=7-5&oh=00_AfFsBayg1OjARseJOZLR-HdozvuEzWusdr8sp83Fz66Xxw&oe=681CDE91&_nc_sid=0985b0"
"63325926169","clltsya","=""17921425647060306""","Feeling ku sih,yang kirim” kyk gini orang berada,tapi nyuruh orng di bayar","3/23/2025, 11:54:54 PM","https://www.instagram.com/clltsya","https://scontent-cgk1-2.cdninstagram.com/v/t51.2885-19/44884218_345707102882519_2446069589734326272_n.jpg?stp=dst-jpg_s150x150_tt6&_nc_ht=scontent-cgk1-2.cdninstagram.com&_nc_cat=1&_nc_oc=Q6cZ2QHSVQHq3u8uO-eQoXSnCUYvJ_BphQKTvn1Fetl0f1dv38JDqz_zWg9C-JDEY_2Mqbc&_nc_ohc=At99i7tXFPQQ7kNvwHO8XBt&_nc_gid=kCsRY3Z5LIgl5C-c061hLA&edm=AI-cjbYBAAAA&ccb=7-5&ig_cache_key=YW5vbnltb3VzX3Byb2ZpbGVfcGlj.3-ccb7-5&oh=00_AfFYJ-Nr3zrIlwYThHFbXJtMRdVfsZdjSEQyjJR0Od3MnQ&oe=681CF48F&_nc_sid=0985b0"
"12146285165","_.fuckar","=""18045268892524818""","NGAKAK, hewan cerminan pemerintah malah dikirim ke rakyat.","3/23/2025, 11:58:08 PM","https://www.instagram.com/_.fuckar","https://scontent-cgk2-1.cdninstagram.com/v/t51.2885-19/342379151_174510301797519_2805160118831462459_n.jpg?stp=dst-jpg_s150x150_tt6&_nc_ht=scontent-cgk2-1.cdninstagram.com&_nc_cat=103&_nc_oc=Q6cZ2QHSVQHq3u8uO-eQoXSnCUYvJ_BphQKTvn1Fetl0f1dv38JDqz_zWg9C-JDEY_2Mqbc&_nc_ohc=24WLcRDf1UIQ7kNvwF-sSJN&_nc_gid=kCsRY3Z5LIgl5C-c061hLA&edm=AI-cjbYBAAAA&ccb=7-5&oh=00_AfGK4xHIIKItMk5sp8AdW2jiTb8qMd3_I3D3MfH9wdB3Gg&oe=681CF107&_nc_sid=0985b0"
"1031495361","jayengmahatma","=""18001951925752476""","@nhkworldjapan 
@bbcnews 
@singaporenewsnetwork_official 
@malaysianews_my 
@dw_meetthegermans 
@nl_netherlands 
@yahoonewsau 
@unitednations 

scary","3/24/2025, 12:03:14 AM","https://www.instagram.com/jayengmahatma","https://scontent-cgk2-2.cdninstagram.com/v/t51.2885-19/490115889_650468034807960_8062657512602517994_n.jpg?stp=dst-jpg_s150x150_tt6&_nc_ht=scontent-cgk2-2.cdninstagram.com&_nc_cat=100&_nc_oc=Q6cZ2QHSVQHq3u8uO-eQoXSnCUYvJ_BphQKTvn1Fetl0f1dv38JDqz_zWg9C-JDEY_2Mqbc&_nc_ohc=nDO1nMqLl_IQ7kNvwHcvyvb&_nc_gid=kCsRY3Z5LIgl5C-c061hLA&edm=AI-cjbYBAAAA&ccb=7-5&oh=00_AfEHgpsYmjS6lxFplJX8ntTbqaZyO8BfIU2-5pQa52ftdw&oe=681CDC48&_nc_sid=0985b0"
"4668994342","im.not.yess","=""18078065047741258""","@wordfangs biar jelas kenyataan apa yg mereka lakuin di gedung itu...","3/24/2025, 12:10:52 AM","https://www.instagram.com/im.not.yess","https://scontent-cgk1-2.cdninstagram.com/v/t51.2885-19/413458747_890432699277464_2559770264932069126_n.jpg?stp=dst-jpg_s150x150_tt6&_nc_ht=scontent-cgk1-2.cdninstagram.com&_nc_cat=108&_nc_oc=Q6cZ2QHSVQHq3u8uO-eQoXSnCUYvJ_BphQKTvn1Fetl0f1dv38JDqz_zWg9C-JDEY_2Mqbc&_nc_ohc=2S7xsjdQ-AAQ7kNvwEK7mpf&_nc_gid=kCsRY3Z5LIgl5C-c061hLA&edm=AI-cjbYBAAAA&ccb=7-5&oh=00_AfGIw76q_M67LroSfql44Hkh_2eNIwxvvidoSuNrQ9fzFg&oe=681CDA45&_nc_sid=0985b0"
"3642570568","ikyarif_","=""17971759061714637""","Wkwkwkw kirim sampel buat di unboxing keranjang kuning? Wadow wadow😂","3/24/2025, 12:12:14 AM","https://www.instagram.com/ikyarif_","https://scontent-cgk2-1.cdninstagram.com/v/t51.2885-19/265141833_658668861824643_3109943930314680405_n.jpg?stp=dst-jpg_s150x150_tt6&_nc_ht=scontent-cgk2-1.cdninstagram.com&_nc_cat=103&_nc_oc=Q6cZ2QHSVQHq3u8uO-eQoXSnCUYvJ_BphQKTvn1Fetl0f1dv38JDqz_zWg9C-JDEY_2Mqbc&_nc_ohc=MD3gkhqgm7UQ7kNvwGcALsT&_nc_gid=kCsRY3Z5LIgl5C-c061hLA&edm=AI-cjbYBAAAA&ccb=7-5&oh=00_AfG6EGnZjl469gGqwrlNb4PWhn_ICo7UdPIFQBXggPLRKw&oe=681CDDB2&_nc_sid=0985b0"
"4668994342","im.not.yess","=""18085824778531992""","ga kebayang semisal mereka tetep mau ngelanjutin uutni, semua pendapat yg kita rasa itu bener nyatanya tp mereka mengganggap berbahaya bakal gmn","3/24/2025, 12:12:40 AM","https://www.instagram.com/im.not.yess","https://scontent-cgk1-2.cdninstagram.com/v/t51.2885-19/413458747_890432699277464_2559770264932069126_n.jpg?stp=dst-jpg_s150x150_tt6&_nc_ht=scontent-cgk1-2.cdninstagram.com&_nc_cat=108&_nc_oc=Q6cZ2QHSVQHq3u8uO-eQoXSnCUYvJ_BphQKTvn1Fetl0f1dv38JDqz_zWg9C-JDEY_2Mqbc&_nc_ohc=2S7xsjdQ-AAQ7kNvwEK7mpf&_nc_gid=kCsRY3Z5LIgl5C-c061hLA&edm=AI-cjbYBAAAA&ccb=7-5&oh=00_AfGIw76q_M67LroSfql44Hkh_2eNIwxvvidoSuNrQ9fzFg&oe=681CDA45&_nc_sid=0985b0"
"46327380337","bejoinaje","=""18085421662613904""","entah siapa idola mereka","3/24/2025, 12:14:02 AM","https://www.instagram.com/bejoinaje","https://scontent-cgk2-2.cdninstagram.com/v/t51.2885-19/306904938_411320461110216_323064334123184184_n.jpg?stp=dst-jpg_s150x150_tt6&_nc_ht=scontent-cgk2-2.cdninstagram.com&_nc_cat=100&_nc_oc=Q6cZ2QHSVQHq3u8uO-eQoXSnCUYvJ_BphQKTvn1Fetl0f1dv38JDqz_zWg9C-JDEY_2Mqbc&_nc_ohc=k_IGh9TQxZwQ7kNvwFD3GFO&_nc_gid=kCsRY3Z5LIgl5C-c061hLA&edm=AI-cjbYBAAAA&ccb=7-5&oh=00_AfFEcvHHP2PONxESucNgpKJAN6tWmjhfj0s0yDLzJXNJSw&oe=681CDCBF&_nc_sid=0985b0"
"1545607612","odnarity.po","=""17926192974043186""","Ohh ‘tikus2 berdasi’ minta di penggal kek gitu kan maksudnya?","3/24/2025, 12:18:51 AM","https://www.instagram.com/odnarity.po","https://scontent-cgk2-2.cdninstagram.com/v/t51.2885-19/454359045_512157088157105_2367298126261234025_n.jpg?stp=dst-jpg_s150x150_tt6&_nc_ht=scontent-cgk2-2.cdninstagram.com&_nc_cat=105&_nc_oc=Q6cZ2QHSVQHq3u8uO-eQoXSnCUYvJ_BphQKTvn1Fetl0f1dv38JDqz_zWg9C-JDEY_2Mqbc&_nc_ohc=_UOcHGUGZ_YQ7kNvwHm4sKr&_nc_gid=kCsRY3Z5LIgl5C-c061hLA&edm=AI-cjbYBAAAA&ccb=7-5&oh=00_AfEeDlO2Sp2sDBGGYp0LBFSBJ_gHYyG5MPIpdnGfWlf2KQ&oe=681CD61A&_nc_sid=0985b0"
"2260257164","pesenincatring","=""18062078288066785""","Pemerintah mau jawab apa lagi???di masak lagi???","3/24/2025, 12:27:23 AM","https://www.instagram.com/pesenincatring","https://scontent-cgk1-2.cdninstagram.com/v/t51.2885-19/39809635_222898298577277_8935245856609665024_n.jpg?stp=dst-jpg_s150x150_tt6&_nc_ht=scontent-cgk1-2.cdninstagram.com&_nc_cat=101&_nc_oc=Q6cZ2QHSVQHq3u8uO-eQoXSnCUYvJ_BphQKTvn1Fetl0f1dv38JDqz_zWg9C-JDEY_2Mqbc&_nc_ohc=W_2l0zHgaFYQ7kNvwGIe3I2&_nc_gid=kCsRY3Z5LIgl5C-c061hLA&edm=AI-cjbYBAAAA&ccb=7-5&oh=00_AfHb1dq9iKK8KLA4iqngWFryR_kF0EdscT3DrrOj-5cREw&oe=681CD8F2&_nc_sid=0985b0"
"61519184568","ademey4","=""17935696748888620""","Gedung DPR gak sih?","3/24/2025, 12:27:47 AM","https://www.instagram.com/ademey4","https://scontent-cgk2-2.cdninstagram.com/v/t51.2885-19/494941627_17928906123048569_5340961435193327085_n.jpg?stp=dst-jpg_s150x150_tt6&_nc_ht=scontent-cgk2-2.cdninstagram.com&_nc_cat=105&_nc_oc=Q6cZ2QHSVQHq3u8uO-eQoXSnCUYvJ_BphQKTvn1Fetl0f1dv38JDqz_zWg9C-JDEY_2Mqbc&_nc_ohc=PGhqo_9g-csQ7kNvwG_VILW&_nc_gid=kCsRY3Z5LIgl5C-c061hLA&edm=AI-cjbYBAAAA&ccb=7-5&oh=00_AfHn73DBrB6h_44jlCVzPnU71t-ogpLVObO6LiudfI190A&oe=681CCFDF&_nc_sid=0985b0"
"55623392188","whoishappii","=""18036312275626901""","negara bluun ckckc  pantes ga maju’","3/24/2025, 12:30:52 AM","https://www.instagram.com/whoishappii","https://scontent-cgk1-2.cdninstagram.com/v/t51.2885-19/495212896_17973154205848189_2608482938163395692_n.jpg?stp=dst-jpg_s150x150_tt6&_nc_ht=scontent-cgk1-2.cdninstagram.com&_nc_cat=101&_nc_oc=Q6cZ2QHSVQHq3u8uO-eQoXSnCUYvJ_BphQKTvn1Fetl0f1dv38JDqz_zWg9C-JDEY_2Mqbc&_nc_ohc=rwG3hvJzGo8Q7kNvwEdq5Z3&_nc_gid=kCsRY3Z5LIgl5C-c061hLA&edm=AI-cjbYBAAAA&ccb=7-5&oh=00_AfH_Reypl9cqpOYfVtyUICdkCNeDd9tuMy4ZbvCl8xz7RA&oe=681CCF90&_nc_sid=0985b0"
"49697459170","naylikkie","=""18038897372222055""","NGAKAKKK TIKUS NGIRIM TIKUS, STUPIDDDD","3/24/2025, 12:36:38 AM","https://www.instagram.com/naylikkie","https://scontent-cgk1-2.cdninstagram.com/v/t51.2885-19/495154125_18025925768659171_1712835264206763091_n.jpg?stp=dst-jpg_s150x150_tt6&_nc_ht=scontent-cgk1-2.cdninstagram.com&_nc_cat=107&_nc_oc=Q6cZ2QHSVQHq3u8uO-eQoXSnCUYvJ_BphQKTvn1Fetl0f1dv38JDqz_zWg9C-JDEY_2Mqbc&_nc_ohc=d9mP_ruWPv8Q7kNvwEV0wj4&_nc_gid=kCsRY3Z5LIgl5C-c061hLA&edm=AI-cjbYBAAAA&ccb=7-5&oh=00_AfGifH7CCB9r1aZMhA6B35ZXAIfuDQiuh_qOeVRJWK8veA&oe=681CEC75&_nc_sid=0985b0"
"2072769607","annaassky","=""18029887286645552""","Plot twistnya ternyata yg ngirim tempo sendiri biar berita kekacauan makin memanas, rakyat semakin geram, terus demo semakin masif wkwkwk. Habis itu tempo datang dengan berita heroiknya wkwkwkwk. Wkwkwk.","3/24/2025, 12:59:05 AM","https://www.instagram.com/annaassky","https://scontent-cgk2-1.cdninstagram.com/v/t51.2885-19/490735160_4068485860086999_8869302343082666970_n.jpg?stp=dst-jpg_s150x150_tt6&_nc_ht=scontent-cgk2-1.cdninstagram.com&_nc_cat=103&_nc_oc=Q6cZ2QHSVQHq3u8uO-eQoXSnCUYvJ_BphQKTvn1Fetl0f1dv38JDqz_zWg9C-JDEY_2Mqbc&_nc_ohc=y7PcY-zRyesQ7kNvwF0rl2F&_nc_gid=kCsRY3Z5LIgl5C-c061hLA&edm=AI-cjbYBAAAA&ccb=7-5&oh=00_AfGF1FBptFmxPrb9glfVSdaVrFeJTSTN320qRUI2PXVtTw&oe=681CC93A&_nc_sid=0985b0"
"6769656499","zuchry_","=""18275874961252490""","ini tuh ga tahu siapa yg ngirim? ga ada cctv or smth gtu?","3/24/2025, 1:19:51 AM","https://www.instagram.com/zuchry_","https://scontent-cgk1-2.cdninstagram.com/v/t51.2885-19/494918708_18312002425224500_9187278956680321710_n.jpg?stp=dst-jpg_s150x150_tt6&_nc_ht=scontent-cgk1-2.cdninstagram.com&_nc_cat=108&_nc_oc=Q6cZ2QHSVQHq3u8uO-eQoXSnCUYvJ_BphQKTvn1Fetl0f1dv38JDqz_zWg9C-JDEY_2Mqbc&_nc_ohc=1DkoaHZ49RgQ7kNvwHGiHc2&_nc_gid=kCsRY3Z5LIgl5C-c061hLA&edm=AI-cjbYBAAAA&ccb=7-5&oh=00_AfHVRgkSzsvzCNVk-ygc4yzUYaNOMj1Oyxa3Yh9Gdj4IEg&oe=681CE3A2&_nc_sid=0985b0"
"4795265903","scinkare","=""18038795936624241""","@muhammad_hadziiq 😂","3/24/2025, 1:34:18 AM","https://www.instagram.com/scinkare","https://scontent-cgk2-1.cdninstagram.com/v/t51.2885-19/17125790_613921298800444_4886883165995532288_a.jpg?stp=dst-jpg_s150x150_tt6&_nc_ht=scontent-cgk2-1.cdninstagram.com&_nc_cat=104&_nc_oc=Q6cZ2QHSVQHq3u8uO-eQoXSnCUYvJ_BphQKTvn1Fetl0f1dv38JDqz_zWg9C-JDEY_2Mqbc&_nc_ohc=bb2F7pu_yu0Q7kNvwFTGIq9&_nc_gid=kCsRY3Z5LIgl5C-c061hLA&edm=AI-cjbYBAAAA&ccb=7-5&oh=00_AfEPEYmuq8jpLOnyiVkCO1SBwNtaGoLdgQvs5YL97z3NcQ&oe=681CCFD4&_nc_sid=0985b0"
"1472927596","nanok_ap","=""18323383111167614""","Ancaman ....Mereke pikir Tempoe takut😂😂 maju terus jangan pernah kalah sama keadaan ... khususnya untuk Indonesi....lebih khusus lagi utk pejabat yg semene mena 👏👏👏🔥🔥","3/24/2025, 1:35:22 AM","https://www.instagram.com/nanok_ap","https://scontent-cgk1-2.cdninstagram.com/v/t51.2885-19/164197138_772306817039251_8782360991727189067_n.jpg?stp=dst-jpg_s150x150_tt6&_nc_ht=scontent-cgk1-2.cdninstagram.com&_nc_cat=107&_nc_oc=Q6cZ2QHSVQHq3u8uO-eQoXSnCUYvJ_BphQKTvn1Fetl0f1dv38JDqz_zWg9C-JDEY_2Mqbc&_nc_ohc=Y54SylLPOgoQ7kNvwE07odp&_nc_gid=kCsRY3Z5LIgl5C-c061hLA&edm=AI-cjbYBAAAA&ccb=7-5&oh=00_AfFIQ3hUNjK1xNmhsmCpO6vqVjyGRGtXnYc7OdQbUTr2Yw&oe=681CD87A&_nc_sid=0985b0"
"2287997002","rakaaufar_","=""18057137747474215""","@neriandraarskt 🔥","3/24/2025, 1:42:55 AM","https://www.instagram.com/rakaaufar_","https://scontent-cgk2-2.cdninstagram.com/v/t51.2885-19/490094024_24164742046484364_2376648084101087176_n.jpg?stp=dst-jpg_s150x150_tt6&_nc_ht=scontent-cgk2-2.cdninstagram.com&_nc_cat=100&_nc_oc=Q6cZ2QHSVQHq3u8uO-eQoXSnCUYvJ_BphQKTvn1Fetl0f1dv38JDqz_zWg9C-JDEY_2Mqbc&_nc_ohc=S_y32Zgtk6QQ7kNvwFdbMPY&_nc_gid=kCsRY3Z5LIgl5C-c061hLA&edm=AI-cjbYBAAAA&ccb=7-5&oh=00_AfGv7p__mxe4kmDg5KU6ly2vNekHKOVf5C0F5mC6EYRlNQ&oe=681CE482&_nc_sid=0985b0"
"1671706826","abasnurrahman","=""18049434617519729""","Parah sih klo ga di usut","3/24/2025, 2:04:42 AM","https://www.instagram.com/abasnurrahman","https://scontent-cgk2-1.cdninstagram.com/v/t51.2885-19/375471714_273313375500870_3357470594426033960_n.jpg?stp=dst-jpg_s150x150_tt6&_nc_ht=scontent-cgk2-1.cdninstagram.com&_nc_cat=106&_nc_oc=Q6cZ2QHSVQHq3u8uO-eQoXSnCUYvJ_BphQKTvn1Fetl0f1dv38JDqz_zWg9C-JDEY_2Mqbc&_nc_ohc=yjdVVMQ_ZB4Q7kNvwEbga_b&_nc_gid=kCsRY3Z5LIgl5C-c061hLA&edm=AI-cjbYBAAAA&ccb=7-5&oh=00_AfHlwfOX4qorAm-oDVmOaQDki6DBajAHO6FsNZ62eS41-Q&oe=681CF2F4&_nc_sid=0985b0"
"60890185718","mranha161","=""18044533433606589""","Ku lekeun neangan berit, di penggal, terus d kirim.. Euh biaya dei eta th da moal cukup sarebu","3/24/2025, 2:26:27 AM","https://www.instagram.com/mranha161","https://scontent-cgk2-1.cdninstagram.com/v/t51.2885-19/362872166_854716939410386_3841780299730674141_n.jpg?stp=dst-jpg_s150x150_tt6&_nc_ht=scontent-cgk2-1.cdninstagram.com&_nc_cat=102&_nc_oc=Q6cZ2QHSVQHq3u8uO-eQoXSnCUYvJ_BphQKTvn1Fetl0f1dv38JDqz_zWg9C-JDEY_2Mqbc&_nc_ohc=o05V-2m0lCUQ7kNvwFT7Fh1&_nc_gid=kCsRY3Z5LIgl5C-c061hLA&edm=AI-cjbYBAAAA&ccb=7-5&oh=00_AfH6jlpjRYPUXlVhbXRdUdm-CGaNi_Ez_NnbQoIqV-Oejg&oe=681CCA8E&_nc_sid=0985b0"
"1702760849","tris_meiwida","=""17948201639956125""","Tinggal pasang cctv aja area depan kantor segala penjuru ketahuan nanti yg ngirim siapa admin","3/24/2025, 3:18:37 AM","https://www.instagram.com/tris_meiwida","https://scontent-cgk1-2.cdninstagram.com/v/t51.2885-19/471822686_2452523678420003_8129575712781338917_n.jpg?stp=dst-jpg_s150x150_tt6&_nc_ht=scontent-cgk1-2.cdninstagram.com&_nc_cat=111&_nc_oc=Q6cZ2QHSVQHq3u8uO-eQoXSnCUYvJ_BphQKTvn1Fetl0f1dv38JDqz_zWg9C-JDEY_2Mqbc&_nc_ohc=BXCXpA2yk8AQ7kNvwFAAu8Z&_nc_gid=kCsRY3Z5LIgl5C-c061hLA&edm=AI-cjbYBAAAA&ccb=7-5&oh=00_AfEmhEWy4h2_1satcF--U1hDFuK5dclvU2tZXJK3P_L67Q&oe=681CFA4A&_nc_sid=0985b0"
"28653472943","ummualfuqair","=""17934467081891977""","#kamibersamatempo","3/24/2025, 4:04:02 AM","https://www.instagram.com/ummualfuqair","https://scontent-cgk2-2.cdninstagram.com/v/t51.2885-19/404615761_880106240033345_6006792208472783338_n.jpg?stp=dst-jpg_s150x150_tt6&_nc_ht=scontent-cgk2-2.cdninstagram.com&_nc_cat=105&_nc_oc=Q6cZ2QHSVQHq3u8uO-eQoXSnCUYvJ_BphQKTvn1Fetl0f1dv38JDqz_zWg9C-JDEY_2Mqbc&_nc_ohc=vGQJS4Z0tAQQ7kNvwFQwWDJ&_nc_gid=kCsRY3Z5LIgl5C-c061hLA&edm=AI-cjbYBAAAA&ccb=7-5&oh=00_AfGScAbK6TBK5xlFxhkWA09nbVWOw0AHjUk-Da9Fy33dkQ&oe=681CCD02&_nc_sid=0985b0"
"1410287630","resyaarva","=""18050288261031724""","Jangan takut, jangan layu👐🏻 #KamiBersamaTempo","3/24/2025, 4:04:23 AM","https://www.instagram.com/resyaarva","https://scontent-cgk1-2.cdninstagram.com/v/t51.2885-19/487727419_644878131833431_4997528059572001727_n.jpg?stp=dst-jpg_s150x150_tt6&_nc_ht=scontent-cgk1-2.cdninstagram.com&_nc_cat=107&_nc_oc=Q6cZ2QHSVQHq3u8uO-eQoXSnCUYvJ_BphQKTvn1Fetl0f1dv38JDqz_zWg9C-JDEY_2Mqbc&_nc_ohc=LIO097pGC5kQ7kNvwFqMpIE&_nc_gid=kCsRY3Z5LIgl5C-c061hLA&edm=AI-cjbYBAAAA&ccb=7-5&oh=00_AfGCP1KCPYufdi-yLu_KECzJ5wfVOcwJRqKK68pZNSFeAg&oe=681CDF52&_nc_sid=0985b0"
"2131085801","widialestari1999","=""17900198103055238""","@pasti_lulus gas kang","3/24/2025, 4:14:04 AM","https://www.instagram.com/widialestari1999","https://scontent-cgk2-1.cdninstagram.com/v/t51.2885-19/52361024_346612245948438_614304933214158848_n.jpg?stp=dst-jpg_s150x150_tt6&_nc_ht=scontent-cgk2-1.cdninstagram.com&_nc_cat=106&_nc_oc=Q6cZ2QHSVQHq3u8uO-eQoXSnCUYvJ_BphQKTvn1Fetl0f1dv38JDqz_zWg9C-JDEY_2Mqbc&_nc_ohc=TxDsnbpJVTgQ7kNvwGLvML3&_nc_gid=kCsRY3Z5LIgl5C-c061hLA&edm=AI-cjbYBAAAA&ccb=7-5&oh=00_AfGnhgJcAbC-88MW9IlYTf0abe_r_IBnJ8Z5rQGtT5egKg&oe=681CE606&_nc_sid=0985b0"
"1939288171","rngmhsasandiyudha","=""18041239115411496""","Jangan pernah gentar melawan mereka, teruslag ungkap tabir kebenaran selalu 🔥🔥🔥","3/24/2025, 4:17:16 AM","https://www.instagram.com/rngmhsasandiyudha","https://scontent-cgk2-1.cdninstagram.com/v/t51.2885-19/465608028_536262842595582_5906825034982548999_n.jpg?stp=dst-jpg_s150x150_tt6&_nc_ht=scontent-cgk2-1.cdninstagram.com&_nc_cat=106&_nc_oc=Q6cZ2QHSVQHq3u8uO-eQoXSnCUYvJ_BphQKTvn1Fetl0f1dv38JDqz_zWg9C-JDEY_2Mqbc&_nc_ohc=06BK5wu3J-UQ7kNvwHwDsM1&_nc_gid=kCsRY3Z5LIgl5C-c061hLA&edm=AI-cjbYBAAAA&ccb=7-5&oh=00_AfFicRbJUJlFQTeigA77BpOsSCuRFDKhTQmb02SHT2BCPQ&oe=681CF687&_nc_sid=0985b0"
"589525379","rczaa","=""17890271160210020""","ngeri heh ..","3/24/2025, 4:18:00 AM","https://www.instagram.com/rczaa","https://scontent-cgk1-2.cdninstagram.com/v/t51.2885-19/470893926_4001494940119741_528480063441270419_n.jpg?stp=dst-jpg_s150x150_tt6&_nc_ht=scontent-cgk1-2.cdninstagram.com&_nc_cat=101&_nc_oc=Q6cZ2QHSVQHq3u8uO-eQoXSnCUYvJ_BphQKTvn1Fetl0f1dv38JDqz_zWg9C-JDEY_2Mqbc&_nc_ohc=srXIINxbxvUQ7kNvwHkRUeC&_nc_gid=kCsRY3Z5LIgl5C-c061hLA&edm=AI-cjbYBAAAA&ccb=7-5&oh=00_AfHOA0rEElv4h6rOPtY5xIyrK1-mLIVY4FVU_fXfMIN2-g&oe=681CC576&_nc_sid=0985b0"
"54785475063","oktavi790","=""17904219513132277""","Pasti yang ngirim anaknya tikus","3/24/2025, 4:26:46 AM","https://www.instagram.com/oktavi790","https://scontent-cgk1-1.cdninstagram.com/v/t51.2885-19/466344827_8978180248900077_8209831911793181186_n.jpg?stp=dst-jpg_s150x150_tt6&_nc_ht=scontent-cgk1-1.cdninstagram.com&_nc_cat=109&_nc_oc=Q6cZ2QHSVQHq3u8uO-eQoXSnCUYvJ_BphQKTvn1Fetl0f1dv38JDqz_zWg9C-JDEY_2Mqbc&_nc_ohc=WsJYhvkz6nQQ7kNvwFSYpkC&_nc_gid=kCsRY3Z5LIgl5C-c061hLA&edm=AI-cjbYBAAAA&ccb=7-5&oh=00_AfEhLjhKM_fhELqhY9lZ1VlipI3SimyWPAF1FCVeOcvxJg&oe=681CF71E&_nc_sid=0985b0"
"60196203200","whosthisyya","=""18063450502796476""","@qonita.s10 I cant 🤣🤣","3/24/2025, 4:36:11 AM","https://www.instagram.com/whosthisyya","https://scontent-cgk1-2.cdninstagram.com/v/t51.2885-19/44884218_345707102882519_2446069589734326272_n.jpg?stp=dst-jpg_s150x150_tt6&_nc_ht=scontent-cgk1-2.cdninstagram.com&_nc_cat=1&_nc_oc=Q6cZ2QHSVQHq3u8uO-eQoXSnCUYvJ_BphQKTvn1Fetl0f1dv38JDqz_zWg9C-JDEY_2Mqbc&_nc_ohc=At99i7tXFPQQ7kNvwHO8XBt&_nc_gid=kCsRY3Z5LIgl5C-c061hLA&edm=AI-cjbYBAAAA&ccb=7-5&ig_cache_key=YW5vbnltb3VzX3Byb2ZpbGVfcGlj.3-ccb7-5&oh=00_AfFYJ-Nr3zrIlwYThHFbXJtMRdVfsZdjSEQyjJR0Od3MnQ&oe=681CF48F&_nc_sid=0985b0"
"51431353880","rarainaraailani","=""17874705669295334""","Hanya pengecut yg mngirim seperti itu, maju trus masykat sllu ada buat tempo 😍😍","3/24/2025, 4:45:55 AM","https://www.instagram.com/rarainaraailani","https://scontent-cgk2-1.cdninstagram.com/v/t51.2885-19/349035394_269631832294898_4491343454656929996_n.jpg?stp=dst-jpg_s150x150_tt6&_nc_ht=scontent-cgk2-1.cdninstagram.com&_nc_cat=102&_nc_oc=Q6cZ2QHSVQHq3u8uO-eQoXSnCUYvJ_BphQKTvn1Fetl0f1dv38JDqz_zWg9C-JDEY_2Mqbc&_nc_ohc=H9fju0rwK1UQ7kNvwGHvsCE&_nc_gid=kCsRY3Z5LIgl5C-c061hLA&edm=AI-cjbYBAAAA&ccb=7-5&oh=00_AfEC8AKhTBOHTp-OU4RbZ-PucZqxZcUbdnVOdeTCsIjMJA&oe=681CEE7B&_nc_sid=0985b0"
"269837002","jasminekoto","=""18041347799422390""","@saraahlatifah kita tunggu kiriman berikut nya sist","3/24/2025, 4:47:08 AM","https://www.instagram.com/jasminekoto","https://scontent-cgk2-1.cdninstagram.com/v/t51.2885-19/321153711_698415945065234_6830948582213650255_n.jpg?stp=dst-jpg_s150x150_tt6&_nc_ht=scontent-cgk2-1.cdninstagram.com&_nc_cat=102&_nc_oc=Q6cZ2QHSVQHq3u8uO-eQoXSnCUYvJ_BphQKTvn1Fetl0f1dv38JDqz_zWg9C-JDEY_2Mqbc&_nc_ohc=GMZeLIMpnTgQ7kNvwHulfuD&_nc_gid=kCsRY3Z5LIgl5C-c061hLA&edm=AI-cjbYBAAAA&ccb=7-5&oh=00_AfFFFPZ0J8XYvoQqGvV_F3E-mOyK4tnEDI3bUOrpm3O3kw&oe=681CF930&_nc_sid=0985b0"
"4570588010","anisakkusuma","=""18111872215462007""","@muhammad_hadziiq waaahhh jangan jangan habis ini naga yg itu kena. Duh ngeri🔥","3/24/2025, 4:48:09 AM","https://www.instagram.com/anisakkusuma","https://scontent-cgk2-2.cdninstagram.com/v/t51.2885-19/301102598_335692935369120_3188421617911706267_n.jpg?stp=dst-jpg_s150x150_tt6&_nc_ht=scontent-cgk2-2.cdninstagram.com&_nc_cat=100&_nc_oc=Q6cZ2QHSVQHq3u8uO-eQoXSnCUYvJ_BphQKTvn1Fetl0f1dv38JDqz_zWg9C-JDEY_2Mqbc&_nc_ohc=Nkcd35EgEE0Q7kNvwGPOq5I&_nc_gid=kCsRY3Z5LIgl5C-c061hLA&edm=AI-cjbYBAAAA&ccb=7-5&oh=00_AfFNNZOby5UX1UOt6WK6j1UowmagizsTvItZHo-GKT0FmA&oe=681CF6FE&_nc_sid=0985b0"
"49096960508","eendlessloop","=""17845735278442215""","penasaran next nya","3/24/2025, 4:56:09 AM","https://www.instagram.com/eendlessloop","https://scontent-cgk2-1.cdninstagram.com/v/t51.2885-19/488484592_1121709616373342_301727937968193630_n.jpg?stp=dst-jpg_s150x150_tt6&_nc_ht=scontent-cgk2-1.cdninstagram.com&_nc_cat=102&_nc_oc=Q6cZ2QHSVQHq3u8uO-eQoXSnCUYvJ_BphQKTvn1Fetl0f1dv38JDqz_zWg9C-JDEY_2Mqbc&_nc_ohc=LX7apY_23eoQ7kNvwG6L-F2&_nc_gid=kCsRY3Z5LIgl5C-c061hLA&edm=AI-cjbYBAAAA&ccb=7-5&oh=00_AfHrXsrIcW1G6izBxmEDlAaWqykoEMq5h3y-0TuPt2RPFw&oe=681CEE6F&_nc_sid=0985b0"
"1131824972","pasti_lulus","=""18077160763690920""","@widialestari1999 eh ada widia juga 😅 bentar lagi pada kumpul ni temen ig di sini. 😂","3/24/2025, 4:56:10 AM","https://www.instagram.com/pasti_lulus","https://scontent-cgk2-2.cdninstagram.com/v/t51.2885-19/66661295_1491858317621290_7771252935631044608_n.jpg?stp=dst-jpg_s150x150_tt6&_nc_ht=scontent-cgk2-2.cdninstagram.com&_nc_cat=110&_nc_oc=Q6cZ2QHSVQHq3u8uO-eQoXSnCUYvJ_BphQKTvn1Fetl0f1dv38JDqz_zWg9C-JDEY_2Mqbc&_nc_ohc=a0Gq9VyP_IgQ7kNvwFCXo0M&_nc_gid=kCsRY3Z5LIgl5C-c061hLA&edm=AI-cjbYBAAAA&ccb=7-5&oh=00_AfF-Ooq29SDpSpAzLee7fVzwM8PuLVMSXwXxCVc7WI_XXg&oe=681CEC85&_nc_sid=0985b0"
"311941676","igamagfirah","=""17903090178111182""","@igamassardi 🔥🔥🔥","3/24/2025, 4:56:42 AM","https://www.instagram.com/igamagfirah","https://scontent-cgk1-2.cdninstagram.com/v/t51.2885-19/491517209_1395209191476191_3101168006581539222_n.jpg?stp=dst-jpg_s150x150_tt6&_nc_ht=scontent-cgk1-2.cdninstagram.com&_nc_cat=111&_nc_oc=Q6cZ2QHSVQHq3u8uO-eQoXSnCUYvJ_BphQKTvn1Fetl0f1dv38JDqz_zWg9C-JDEY_2Mqbc&_nc_ohc=dnpolBePB-gQ7kNvwHF6AJ_&_nc_gid=kCsRY3Z5LIgl5C-c061hLA&edm=AI-cjbYBAAAA&ccb=7-5&oh=00_AfEVRPguSMYXr3dDn_flYubOEajPnvbjkl0lVHggVpQRdg&oe=681CE81B&_nc_sid=0985b0"
"4690803032","yunus_irama","=""17863679535284509""","Yg mereka kirimkan adalah boomerang🔥🔥🔥🔥🔥","3/24/2025, 5:01:10 AM","https://www.instagram.com/yunus_irama","https://scontent-cgk1-1.cdninstagram.com/v/t51.2885-19/495725288_18355252102155033_6938880564472561007_n.jpg?stp=dst-jpg_s150x150_tt6&_nc_ht=scontent-cgk1-1.cdninstagram.com&_nc_cat=109&_nc_oc=Q6cZ2QHSVQHq3u8uO-eQoXSnCUYvJ_BphQKTvn1Fetl0f1dv38JDqz_zWg9C-JDEY_2Mqbc&_nc_ohc=nUoJtnQkzdYQ7kNvwHmHlVY&_nc_gid=kCsRY3Z5LIgl5C-c061hLA&edm=AI-cjbYBAAAA&ccb=7-5&oh=00_AfF_kCNoG0IGvrG5rWq6V-Zjd5c1w3ysYEJvtAoOFi_zWA&oe=681CD18F&_nc_sid=0985b0"